timestamp,url,price
2024-05-01 19:46:47.534271,https://www.amazon.in/sspa/click?ie=UTF8&spc=MTozNDEzNjMyOTg0NzA1MTUxOjE3MzI4MDMzNjU6c3BfYXRmOjMwMDM4OTcyNDk1MTUzMjo6MDo6&url=%2FKadence-Acoustica-Auditorium-Acoustic-Learning%2Fdp%2FB0DJ35MC78%2Fref%3Dsr_1_1_sspa%3Fcrid%3D28S6XWQOZV2FF%26dib%3DeyJ2IjoiMSJ9.crxhhcuVe8Gag3-0mnCXJiOSSKJki5hOYLJU7nup4DUXPldTpT50Q0u6mPCfSg5fEp5kGrjqpOFvlRaS2_O0ABctvxW_1wVXnXwa2etPI2OQRTc6pOZvRzJJ7E-JSWr_10Hq-SxUZjWtyEYCnx8HvRzMa74QTU5tdnPx_c8jWk-PBLFs_MDd4YlD4L2FRuvWJYGbJ0CCDV-nSK-Gw67yKonsJDSr3lWg_NH4somXkEuAwt6UAHdqSGVF6QpuauAR7s1n_S10W13B-vPNI0tkGnuduZHFkIlG_l9JxaWMFtY.iu5ZIWufaFCMJvXNsokSHPkWuT7ApWn4rp5k3i2PohA%26dib_tag%3Dse%26keywords%3Dguitar%26qid%3D1732803365%26sprefix%3D%252Caps%252C400%26sr%3D8-1-spons%26sp_csd%3Dd2lkZ2V0TmFtZT1zcF9hdGY%26psc%3D1,9999.0
2024-07-28 19:46:47.534271,https://www.amazon.in/sspa/click?ie=UTF8&spc=MTozNDEzNjMyOTg0NzA1MTUxOjE3MzI4MDMzNjU6c3BfYXRmOjMwMDM4OTcyNDk1MTUzMjo6MDo6&url=%2FKadence-Acoustica-Auditorium-Acoustic-Learning%2Fdp%2FB0DJ35MC78%2Fref%3Dsr_1_1_sspa%3Fcrid%3D28S6XWQOZV2FF%26dib%3DeyJ2IjoiMSJ9.crxhhcuVe8Gag3-0mnCXJiOSSKJki5hOYLJU7nup4DUXPldTpT50Q0u6mPCfSg5fEp5kGrjqpOFvlRaS2_O0ABctvxW_1wVXnXwa2etPI2OQRTc6pOZvRzJJ7E-JSWr_10Hq-SxUZjWtyEYCnx8HvRzMa74QTU5tdnPx_c8jWk-PBLFs_MDd4YlD4L2FRuvWJYGbJ0CCDV-nSK-Gw67yKonsJDSr3lWg_NH4somXkEuAwt6UAHdqSGVF6QpuauAR7s1n_S10W13B-vPNI0tkGnuduZHFkIlG_l9JxaWMFtY.iu5ZIWufaFCMJvXNsokSHPkWuT7ApWn4rp5k3i2PohA%26dib_tag%3Dse%26keywords%3Dguitar%26qid%3D1732803365%26sprefix%3D%252Caps%252C400%26sr%3D8-1-spons%26sp_csd%3Dd2lkZ2V0TmFtZT1zcF9hdGY%26psc%3D1,5999.0
2024-09-1 19:46:47.534271,https://www.amazon.in/sspa/click?ie=UTF8&spc=MTozNDEzNjMyOTg0NzA1MTUxOjE3MzI4MDMzNjU6c3BfYXRmOjMwMDM4OTcyNDk1MTUzMjo6MDo6&url=%2FKadence-Acoustica-Auditorium-Acoustic-Learning%2Fdp%2FB0DJ35MC78%2Fref%3Dsr_1_1_sspa%3Fcrid%3D28S6XWQOZV2FF%26dib%3DeyJ2IjoiMSJ9.crxhhcuVe8Gag3-0mnCXJiOSSKJki5hOYLJU7nup4DUXPldTpT50Q0u6mPCfSg5fEp5kGrjqpOFvlRaS2_O0ABctvxW_1wVXnXwa2etPI2OQRTc6pOZvRzJJ7E-JSWr_10Hq-SxUZjWtyEYCnx8HvRzMa74QTU5tdnPx_c8jWk-PBLFs_MDd4YlD4L2FRuvWJYGbJ0CCDV-nSK-Gw67yKonsJDSr3lWg_NH4somXkEuAwt6UAHdqSGVF6QpuauAR7s1n_S10W13B-vPNI0tkGnuduZHFkIlG_l9JxaWMFtY.iu5ZIWufaFCMJvXNsokSHPkWuT7ApWn4rp5k3i2PohA%26dib_tag%3Dse%26keywords%3Dguitar%26qid%3D1732803365%26sprefix%3D%252Caps%252C400%26sr%3D8-1-spons%26sp_csd%3Dd2lkZ2V0TmFtZT1zcF9hdGY%26psc%3D1,5099.0
2024-09-28 19:46:47.534271,https://www.amazon.in/sspa/click?ie=UTF8&spc=MTozNDEzNjMyOTg0NzA1MTUxOjE3MzI4MDMzNjU6c3BfYXRmOjMwMDM4OTcyNDk1MTUzMjo6MDo6&url=%2FKadence-Acoustica-Auditorium-Acoustic-Learning%2Fdp%2FB0DJ35MC78%2Fref%3Dsr_1_1_sspa%3Fcrid%3D28S6XWQOZV2FF%26dib%3DeyJ2IjoiMSJ9.crxhhcuVe8Gag3-0mnCXJiOSSKJki5hOYLJU7nup4DUXPldTpT50Q0u6mPCfSg5fEp5kGrjqpOFvlRaS2_O0ABctvxW_1wVXnXwa2etPI2OQRTc6pOZvRzJJ7E-JSWr_10Hq-SxUZjWtyEYCnx8HvRzMa74QTU5tdnPx_c8jWk-PBLFs_MDd4YlD4L2FRuvWJYGbJ0CCDV-nSK-Gw67yKonsJDSr3lWg_NH4somXkEuAwt6UAHdqSGVF6QpuauAR7s1n_S10W13B-vPNI0tkGnuduZHFkIlG_l9JxaWMFtY.iu5ZIWufaFCMJvXNsokSHPkWuT7ApWn4rp5k3i2PohA%26dib_tag%3Dse%26keywords%3Dguitar%26qid%3D1732803365%26sprefix%3D%252Caps%252C400%26sr%3D8-1-spons%26sp_csd%3Dd2lkZ2V0TmFtZT1zcF9hdGY%26psc%3D1,4999.0
2024-10-30 19:46:47.534271,https://www.amazon.in/sspa/click?ie=UTF8&spc=MTozNDEzNjMyOTg0NzA1MTUxOjE3MzI4MDMzNjU6c3BfYXRmOjMwMDM4OTcyNDk1MTUzMjo6MDo6&url=%2FKadence-Acoustica-Auditorium-Acoustic-Learning%2Fdp%2FB0DJ35MC78%2Fref%3Dsr_1_1_sspa%3Fcrid%3D28S6XWQOZV2FF%26dib%3DeyJ2IjoiMSJ9.crxhhcuVe8Gag3-0mnCXJiOSSKJki5hOYLJU7nup4DUXPldTpT50Q0u6mPCfSg5fEp5kGrjqpOFvlRaS2_O0ABctvxW_1wVXnXwa2etPI2OQRTc6pOZvRzJJ7E-JSWr_10Hq-SxUZjWtyEYCnx8HvRzMa74QTU5tdnPx_c8jWk-PBLFs_MDd4YlD4L2FRuvWJYGbJ0CCDV-nSK-Gw67yKonsJDSr3lWg_NH4somXkEuAwt6UAHdqSGVF6QpuauAR7s1n_S10W13B-vPNI0tkGnuduZHFkIlG_l9JxaWMFtY.iu5ZIWufaFCMJvXNsokSHPkWuT7ApWn4rp5k3i2PohA%26dib_tag%3Dse%26keywords%3Dguitar%26qid%3D1732803365%26sprefix%3D%252Caps%252C400%26sr%3D8-1-spons%26sp_csd%3Dd2lkZ2V0TmFtZT1zcF9hdGY%26psc%3D1,6900.0
2024-11-01 19:46:47.534271,https://www.amazon.in/sspa/click?ie=UTF8&spc=MTozNDEzNjMyOTg0NzA1MTUxOjE3MzI4MDMzNjU6c3BfYXRmOjMwMDM4OTcyNDk1MTUzMjo6MDo6&url=%2FKadence-Acoustica-Auditorium-Acoustic-Learning%2Fdp%2FB0DJ35MC78%2Fref%3Dsr_1_1_sspa%3Fcrid%3D28S6XWQOZV2FF%26dib%3DeyJ2IjoiMSJ9.crxhhcuVe8Gag3-0mnCXJiOSSKJki5hOYLJU7nup4DUXPldTpT50Q0u6mPCfSg5fEp5kGrjqpOFvlRaS2_O0ABctvxW_1wVXnXwa2etPI2OQRTc6pOZvRzJJ7E-JSWr_10Hq-SxUZjWtyEYCnx8HvRzMa74QTU5tdnPx_c8jWk-PBLFs_MDd4YlD4L2FRuvWJYGbJ0CCDV-nSK-Gw67yKonsJDSr3lWg_NH4somXkEuAwt6UAHdqSGVF6QpuauAR7s1n_S10W13B-vPNI0tkGnuduZHFkIlG_l9JxaWMFtY.iu5ZIWufaFCMJvXNsokSHPkWuT7ApWn4rp5k3i2PohA%26dib_tag%3Dse%26keywords%3Dguitar%26qid%3D1732803365%26sprefix%3D%252Caps%252C400%26sr%3D8-1-spons%26sp_csd%3Dd2lkZ2V0TmFtZT1zcF9hdGY%26psc%3D1,6990.0
2024-11-28 19:51:14.407883,https://www.amazon.in/sspa/click?ie=UTF8&spc=MTozNDEzNjMyOTg0NzA1MTUxOjE3MzI4MDMzNjU6c3BfYXRmOjMwMDM4OTcyNDk1MTUzMjo6MDo6&url=%2FKadence-Acoustica-Auditorium-Acoustic-Learning%2Fdp%2FB0DJ35MC78%2Fref%3Dsr_1_1_sspa%3Fcrid%3D28S6XWQOZV2FF%26dib%3DeyJ2IjoiMSJ9.crxhhcuVe8Gag3-0mnCXJiOSSKJki5hOYLJU7nup4DUXPldTpT50Q0u6mPCfSg5fEp5kGrjqpOFvlRaS2_O0ABctvxW_1wVXnXwa2etPI2OQRTc6pOZvRzJJ7E-JSWr_10Hq-SxUZjWtyEYCnx8HvRzMa74QTU5tdnPx_c8jWk-PBLFs_MDd4YlD4L2FRuvWJYGbJ0CCDV-nSK-Gw67yKonsJDSr3lWg_NH4somXkEuAwt6UAHdqSGVF6QpuauAR7s1n_S10W13B-vPNI0tkGnuduZHFkIlG_l9JxaWMFtY.iu5ZIWufaFCMJvXNsokSHPkWuT7ApWn4rp5k3i2PohA%26dib_tag%3Dse%26keywords%3Dguitar%26qid%3D1732803365%26sprefix%3D%252Caps%252C400%26sr%3D8-1-spons%26sp_csd%3Dd2lkZ2V0TmFtZT1zcF9hdGY%26psc%3D1,6999.0
2024-03-12 19:57:23.880142,https://www.amazon.in/sspa/click?ie=UTF8&spc=MTozNDEzNjMyOTg0NzA1MTUxOjE3MzI4MDMzNjU6c3BfYXRmOjMwMDMzMDM1ODgxODkzMjo6MDo6&url=%2FStrydom-Travel-Musical-Companion-Journey%2Fdp%2FB0C5MWRWXY%2Fref%3Dsr_1_3_sspa%3Fcrid%3D28S6XWQOZV2FF%26dib%3DeyJ2IjoiMSJ9.crxhhcuVe8Gag3-0mnCXJiOSSKJki5hOYLJU7nup4DUXPldTpT50Q0u6mPCfSg5fEp5kGrjqpOFvlRaS2_O0ABctvxW_1wVXnXwa2etPI2OQRTc6pOZvRzJJ7E-JSWr_10Hq-SxUZjWtyEYCnx8HvRzMa74QTU5tdnPx_c8jWk-PBLFs_MDd4YlD4L2FRuvWJYGbJ0CCDV-nSK-Gw67yKonsJDSr3lWg_NH4somXkEuAwt6UAHdqSGVF6QpuauAR7s1n_S10W13B-vPNI0tkGnuduZHFkIlG_l9JxaWMFtY.iu5ZIWufaFCMJvXNsokSHPkWuT7ApWn4rp5k3i2PohA%26dib_tag%3Dse%26keywords%3Dguitar%26qid%3D1732803365%26sprefix%3D%252Caps%252C400%26sr%3D8-3-spons%26sp_csd%3Dd2lkZ2V0TmFtZT1zcF9hdGY%26psc%3D1,10639.0
2024-03-26 19:57:23.880142,https://www.amazon.in/sspa/click?ie=UTF8&spc=MTozNDEzNjMyOTg0NzA1MTUxOjE3MzI4MDMzNjU6c3BfYXRmOjMwMDMzMDM1ODgxODkzMjo6MDo6&url=%2FStrydom-Travel-Musical-Companion-Journey%2Fdp%2FB0C5MWRWXY%2Fref%3Dsr_1_3_sspa%3Fcrid%3D28S6XWQOZV2FF%26dib%3DeyJ2IjoiMSJ9.crxhhcuVe8Gag3-0mnCXJiOSSKJki5hOYLJU7nup4DUXPldTpT50Q0u6mPCfSg5fEp5kGrjqpOFvlRaS2_O0ABctvxW_1wVXnXwa2etPI2OQRTc6pOZvRzJJ7E-JSWr_10Hq-SxUZjWtyEYCnx8HvRzMa74QTU5tdnPx_c8jWk-PBLFs_MDd4YlD4L2FRuvWJYGbJ0CCDV-nSK-Gw67yKonsJDSr3lWg_NH4somXkEuAwt6UAHdqSGVF6QpuauAR7s1n_S10W13B-vPNI0tkGnuduZHFkIlG_l9JxaWMFtY.iu5ZIWufaFCMJvXNsokSHPkWuT7ApWn4rp5k3i2PohA%26dib_tag%3Dse%26keywords%3Dguitar%26qid%3D1732803365%26sprefix%3D%252Caps%252C400%26sr%3D8-3-spons%26sp_csd%3Dd2lkZ2V0TmFtZT1zcF9hdGY%26psc%3D1,10670.0
2024-05-11 19:57:23.880142,https://www.amazon.in/sspa/click?ie=UTF8&spc=MTozNDEzNjMyOTg0NzA1MTUxOjE3MzI4MDMzNjU6c3BfYXRmOjMwMDMzMDM1ODgxODkzMjo6MDo6&url=%2FStrydom-Travel-Musical-Companion-Journey%2Fdp%2FB0C5MWRWXY%2Fref%3Dsr_1_3_sspa%3Fcrid%3D28S6XWQOZV2FF%26dib%3DeyJ2IjoiMSJ9.crxhhcuVe8Gag3-0mnCXJiOSSKJki5hOYLJU7nup4DUXPldTpT50Q0u6mPCfSg5fEp5kGrjqpOFvlRaS2_O0ABctvxW_1wVXnXwa2etPI2OQRTc6pOZvRzJJ7E-JSWr_10Hq-SxUZjWtyEYCnx8HvRzMa74QTU5tdnPx_c8jWk-PBLFs_MDd4YlD4L2FRuvWJYGbJ0CCDV-nSK-Gw67yKonsJDSr3lWg_NH4somXkEuAwt6UAHdqSGVF6QpuauAR7s1n_S10W13B-vPNI0tkGnuduZHFkIlG_l9JxaWMFtY.iu5ZIWufaFCMJvXNsokSHPkWuT7ApWn4rp5k3i2PohA%26dib_tag%3Dse%26keywords%3Dguitar%26qid%3D1732803365%26sprefix%3D%252Caps%252C400%26sr%3D8-3-spons%26sp_csd%3Dd2lkZ2V0TmFtZT1zcF9hdGY%26psc%3D1,10670.0
2024-06-10 19:57:23.880142,https://www.amazon.in/sspa/click?ie=UTF8&spc=MTozNDEzNjMyOTg0NzA1MTUxOjE3MzI4MDMzNjU6c3BfYXRmOjMwMDMzMDM1ODgxODkzMjo6MDo6&url=%2FStrydom-Travel-Musical-Companion-Journey%2Fdp%2FB0C5MWRWXY%2Fref%3Dsr_1_3_sspa%3Fcrid%3D28S6XWQOZV2FF%26dib%3DeyJ2IjoiMSJ9.crxhhcuVe8Gag3-0mnCXJiOSSKJki5hOYLJU7nup4DUXPldTpT50Q0u6mPCfSg5fEp5kGrjqpOFvlRaS2_O0ABctvxW_1wVXnXwa2etPI2OQRTc6pOZvRzJJ7E-JSWr_10Hq-SxUZjWtyEYCnx8HvRzMa74QTU5tdnPx_c8jWk-PBLFs_MDd4YlD4L2FRuvWJYGbJ0CCDV-nSK-Gw67yKonsJDSr3lWg_NH4somXkEuAwt6UAHdqSGVF6QpuauAR7s1n_S10W13B-vPNI0tkGnuduZHFkIlG_l9JxaWMFtY.iu5ZIWufaFCMJvXNsokSHPkWuT7ApWn4rp5k3i2PohA%26dib_tag%3Dse%26keywords%3Dguitar%26qid%3D1732803365%26sprefix%3D%252Caps%252C400%26sr%3D8-3-spons%26sp_csd%3Dd2lkZ2V0TmFtZT1zcF9hdGY%26psc%3D1,10670.0
2024-06-26 19:57:23.880142,https://www.amazon.in/sspa/click?ie=UTF8&spc=MTozNDEzNjMyOTg0NzA1MTUxOjE3MzI4MDMzNjU6c3BfYXRmOjMwMDMzMDM1ODgxODkzMjo6MDo6&url=%2FStrydom-Travel-Musical-Companion-Journey%2Fdp%2FB0C5MWRWXY%2Fref%3Dsr_1_3_sspa%3Fcrid%3D28S6XWQOZV2FF%26dib%3DeyJ2IjoiMSJ9.crxhhcuVe8Gag3-0mnCXJiOSSKJki5hOYLJU7nup4DUXPldTpT50Q0u6mPCfSg5fEp5kGrjqpOFvlRaS2_O0ABctvxW_1wVXnXwa2etPI2OQRTc6pOZvRzJJ7E-JSWr_10Hq-SxUZjWtyEYCnx8HvRzMa74QTU5tdnPx_c8jWk-PBLFs_MDd4YlD4L2FRuvWJYGbJ0CCDV-nSK-Gw67yKonsJDSr3lWg_NH4somXkEuAwt6UAHdqSGVF6QpuauAR7s1n_S10W13B-vPNI0tkGnuduZHFkIlG_l9JxaWMFtY.iu5ZIWufaFCMJvXNsokSHPkWuT7ApWn4rp5k3i2PohA%26dib_tag%3Dse%26keywords%3Dguitar%26qid%3D1732803365%26sprefix%3D%252Caps%252C400%26sr%3D8-3-spons%26sp_csd%3Dd2lkZ2V0TmFtZT1zcF9hdGY%26psc%3D1,14000.0
2024-08-06 19:57:23.880142,https://www.amazon.in/sspa/click?ie=UTF8&spc=MTozNDEzNjMyOTg0NzA1MTUxOjE3MzI4MDMzNjU6c3BfYXRmOjMwMDMzMDM1ODgxODkzMjo6MDo6&url=%2FStrydom-Travel-Musical-Companion-Journey%2Fdp%2FB0C5MWRWXY%2Fref%3Dsr_1_3_sspa%3Fcrid%3D28S6XWQOZV2FF%26dib%3DeyJ2IjoiMSJ9.crxhhcuVe8Gag3-0mnCXJiOSSKJki5hOYLJU7nup4DUXPldTpT50Q0u6mPCfSg5fEp5kGrjqpOFvlRaS2_O0ABctvxW_1wVXnXwa2etPI2OQRTc6pOZvRzJJ7E-JSWr_10Hq-SxUZjWtyEYCnx8HvRzMa74QTU5tdnPx_c8jWk-PBLFs_MDd4YlD4L2FRuvWJYGbJ0CCDV-nSK-Gw67yKonsJDSr3lWg_NH4somXkEuAwt6UAHdqSGVF6QpuauAR7s1n_S10W13B-vPNI0tkGnuduZHFkIlG_l9JxaWMFtY.iu5ZIWufaFCMJvXNsokSHPkWuT7ApWn4rp5k3i2PohA%26dib_tag%3Dse%26keywords%3Dguitar%26qid%3D1732803365%26sprefix%3D%252Caps%252C400%26sr%3D8-3-spons%26sp_csd%3Dd2lkZ2V0TmFtZT1zcF9hdGY%26psc%3D1,14000.0
2024-09-10 19:57:23.880142,https://www.amazon.in/sspa/click?ie=UTF8&spc=MTozNDEzNjMyOTg0NzA1MTUxOjE3MzI4MDMzNjU6c3BfYXRmOjMwMDMzMDM1ODgxODkzMjo6MDo6&url=%2FStrydom-Travel-Musical-Companion-Journey%2Fdp%2FB0C5MWRWXY%2Fref%3Dsr_1_3_sspa%3Fcrid%3D28S6XWQOZV2FF%26dib%3DeyJ2IjoiMSJ9.crxhhcuVe8Gag3-0mnCXJiOSSKJki5hOYLJU7nup4DUXPldTpT50Q0u6mPCfSg5fEp5kGrjqpOFvlRaS2_O0ABctvxW_1wVXnXwa2etPI2OQRTc6pOZvRzJJ7E-JSWr_10Hq-SxUZjWtyEYCnx8HvRzMa74QTU5tdnPx_c8jWk-PBLFs_MDd4YlD4L2FRuvWJYGbJ0CCDV-nSK-Gw67yKonsJDSr3lWg_NH4somXkEuAwt6UAHdqSGVF6QpuauAR7s1n_S10W13B-vPNI0tkGnuduZHFkIlG_l9JxaWMFtY.iu5ZIWufaFCMJvXNsokSHPkWuT7ApWn4rp5k3i2PohA%26dib_tag%3Dse%26keywords%3Dguitar%26qid%3D1732803365%26sprefix%3D%252Caps%252C400%26sr%3D8-3-spons%26sp_csd%3Dd2lkZ2V0TmFtZT1zcF9hdGY%26psc%3D1,10200.0
2024-10-28 19:57:23.880142,https://www.amazon.in/sspa/click?ie=UTF8&spc=MTozNDEzNjMyOTg0NzA1MTUxOjE3MzI4MDMzNjU6c3BfYXRmOjMwMDMzMDM1ODgxODkzMjo6MDo6&url=%2FStrydom-Travel-Musical-Companion-Journey%2Fdp%2FB0C5MWRWXY%2Fref%3Dsr_1_3_sspa%3Fcrid%3D28S6XWQOZV2FF%26dib%3DeyJ2IjoiMSJ9.crxhhcuVe8Gag3-0mnCXJiOSSKJki5hOYLJU7nup4DUXPldTpT50Q0u6mPCfSg5fEp5kGrjqpOFvlRaS2_O0ABctvxW_1wVXnXwa2etPI2OQRTc6pOZvRzJJ7E-JSWr_10Hq-SxUZjWtyEYCnx8HvRzMa74QTU5tdnPx_c8jWk-PBLFs_MDd4YlD4L2FRuvWJYGbJ0CCDV-nSK-Gw67yKonsJDSr3lWg_NH4somXkEuAwt6UAHdqSGVF6QpuauAR7s1n_S10W13B-vPNI0tkGnuduZHFkIlG_l9JxaWMFtY.iu5ZIWufaFCMJvXNsokSHPkWuT7ApWn4rp5k3i2PohA%26dib_tag%3Dse%26keywords%3Dguitar%26qid%3D1732803365%26sprefix%3D%252Caps%252C400%26sr%3D8-3-spons%26sp_csd%3Dd2lkZ2V0TmFtZT1zcF9hdGY%26psc%3D1,10200.0
2024-11-02 19:57:23.880142,https://www.amazon.in/sspa/click?ie=UTF8&spc=MTozNDEzNjMyOTg0NzA1MTUxOjE3MzI4MDMzNjU6c3BfYXRmOjMwMDMzMDM1ODgxODkzMjo6MDo6&url=%2FStrydom-Travel-Musical-Companion-Journey%2Fdp%2FB0C5MWRWXY%2Fref%3Dsr_1_3_sspa%3Fcrid%3D28S6XWQOZV2FF%26dib%3DeyJ2IjoiMSJ9.crxhhcuVe8Gag3-0mnCXJiOSSKJki5hOYLJU7nup4DUXPldTpT50Q0u6mPCfSg5fEp5kGrjqpOFvlRaS2_O0ABctvxW_1wVXnXwa2etPI2OQRTc6pOZvRzJJ7E-JSWr_10Hq-SxUZjWtyEYCnx8HvRzMa74QTU5tdnPx_c8jWk-PBLFs_MDd4YlD4L2FRuvWJYGbJ0CCDV-nSK-Gw67yKonsJDSr3lWg_NH4somXkEuAwt6UAHdqSGVF6QpuauAR7s1n_S10W13B-vPNI0tkGnuduZHFkIlG_l9JxaWMFtY.iu5ZIWufaFCMJvXNsokSHPkWuT7ApWn4rp5k3i2PohA%26dib_tag%3Dse%26keywords%3Dguitar%26qid%3D1732803365%26sprefix%3D%252Caps%252C400%26sr%3D8-3-spons%26sp_csd%3Dd2lkZ2V0TmFtZT1zcF9hdGY%26psc%3D1,10200.0
2024-11-28 20:06:34.652470,https://www.amazon.in/sspa/click?ie=UTF8&spc=MTozNDEzNjMyOTg0NzA1MTUxOjE3MzI4MDMzNjU6c3BfYXRmOjMwMDMzMDM1ODgxODkzMjo6MDo6&url=%2FStrydom-Travel-Musical-Companion-Journey%2Fdp%2FB0C5MWRWXY%2Fref%3Dsr_1_3_sspa%3Fcrid%3D28S6XWQOZV2FF%26dib%3DeyJ2IjoiMSJ9.crxhhcuVe8Gag3-0mnCXJiOSSKJki5hOYLJU7nup4DUXPldTpT50Q0u6mPCfSg5fEp5kGrjqpOFvlRaS2_O0ABctvxW_1wVXnXwa2etPI2OQRTc6pOZvRzJJ7E-JSWr_10Hq-SxUZjWtyEYCnx8HvRzMa74QTU5tdnPx_c8jWk-PBLFs_MDd4YlD4L2FRuvWJYGbJ0CCDV-nSK-Gw67yKonsJDSr3lWg_NH4somXkEuAwt6UAHdqSGVF6QpuauAR7s1n_S10W13B-vPNI0tkGnuduZHFkIlG_l9JxaWMFtY.iu5ZIWufaFCMJvXNsokSHPkWuT7ApWn4rp5k3i2PohA%26dib_tag%3Dse%26keywords%3Dguitar%26qid%3D1732803365%26sprefix%3D%252Caps%252C400%26sr%3D8-3-spons%26sp_csd%3Dd2lkZ2V0TmFtZT1zcF9hdGY%26psc%3D1,10200.0
2024-03-27 15:59:24.869624,https://www.amazon.in/Juarez-Acoustic-Cutaway-038C-Strings/dp/B017NPCSLI/ref=sr_1_5?crid=1SOSG6HC68RQK&dib=eyJ2IjoiMSJ9.crxhhcuVe8Gag3-0mnCXJicShGwdQMAVjoplkB0aFS6JBqHKNV193Xd1pp9awKlpTToABoALOYF6qpt1xanlBnCiLifjV1LNjyRlggWNSQ_PpfOyjnfCgvAEjtPe9BhHe9u0JKxNMEGxYhayGl0C5elvTbflwx9_IC30b-74--fHruQ4_tRvwwK93u7qaCquIny0jrevA9w7HSvrFlI9A70tYweAr15yQD4EBn0dyZnPUegGkFnivs94Odsfq8H_6vFh9ObUbu87IPSMWMp6hmz2v-2JcDl5df6skcZSs3g.2WlessTxygxDgXpYxTbvUVzxC0X4bdMLger594O8T3Y&dib_tag=se&keywords=guitar&qid=1732699801&s=musical-instruments&sprefix=%2Cmi%2C327&sr=1-5,3179.0
2024-08-27 15:59:24.869624,https://www.amazon.in/Juarez-Acoustic-Cutaway-038C-Strings/dp/B017NPCSLI/ref=sr_1_5?crid=1SOSG6HC68RQK&dib=eyJ2IjoiMSJ9.crxhhcuVe8Gag3-0mnCXJicShGwdQMAVjoplkB0aFS6JBqHKNV193Xd1pp9awKlpTToABoALOYF6qpt1xanlBnCiLifjV1LNjyRlggWNSQ_PpfOyjnfCgvAEjtPe9BhHe9u0JKxNMEGxYhayGl0C5elvTbflwx9_IC30b-74--fHruQ4_tRvwwK93u7qaCquIny0jrevA9w7HSvrFlI9A70tYweAr15yQD4EBn0dyZnPUegGkFnivs94Odsfq8H_6vFh9ObUbu87IPSMWMp6hmz2v-2JcDl5df6skcZSs3g.2WlessTxygxDgXpYxTbvUVzxC0X4bdMLger594O8T3Y&dib_tag=se&keywords=guitar&qid=1732699801&s=musical-instruments&sprefix=%2Cmi%2C327&sr=1-5,2179.0
2024-11-27 15:59:24.869624,https://www.amazon.in/Juarez-Acoustic-Cutaway-038C-Strings/dp/B017NPCSLI/ref=sr_1_5?crid=1SOSG6HC68RQK&dib=eyJ2IjoiMSJ9.crxhhcuVe8Gag3-0mnCXJicShGwdQMAVjoplkB0aFS6JBqHKNV193Xd1pp9awKlpTToABoALOYF6qpt1xanlBnCiLifjV1LNjyRlggWNSQ_PpfOyjnfCgvAEjtPe9BhHe9u0JKxNMEGxYhayGl0C5elvTbflwx9_IC30b-74--fHruQ4_tRvwwK93u7qaCquIny0jrevA9w7HSvrFlI9A70tYweAr15yQD4EBn0dyZnPUegGkFnivs94Odsfq8H_6vFh9ObUbu87IPSMWMp6hmz2v-2JcDl5df6skcZSs3g.2WlessTxygxDgXpYxTbvUVzxC0X4bdMLger594O8T3Y&dib_tag=se&keywords=guitar&qid=1732699801&s=musical-instruments&sprefix=%2Cmi%2C327&sr=1-5,2579.0
2024-11-27 16:01:52.707683,https://www.amazon.in/Juarez-Acoustic-Cutaway-038C-Strings/dp/B017NPCSLI/ref=sr_1_5?crid=1SOSG6HC68RQK&dib=eyJ2IjoiMSJ9.crxhhcuVe8Gag3-0mnCXJicShGwdQMAVjoplkB0aFS6JBqHKNV193Xd1pp9awKlpTToABoALOYF6qpt1xanlBnCiLifjV1LNjyRlggWNSQ_PpfOyjnfCgvAEjtPe9BhHe9u0JKxNMEGxYhayGl0C5elvTbflwx9_IC30b-74--fHruQ4_tRvwwK93u7qaCquIny0jrevA9w7HSvrFlI9A70tYweAr15yQD4EBn0dyZnPUegGkFnivs94Odsfq8H_6vFh9ObUbu87IPSMWMp6hmz2v-2JcDl5df6skcZSs3g.2WlessTxygxDgXpYxTbvUVzxC0X4bdMLger594O8T3Y&dib_tag=se&keywords=guitar&qid=1732699801&s=musical-instruments&sprefix=%2Cmi%2C327&sr=1-5,2179.0
2024-11-27 16:04:08.856710,https://www.amazon.in/Juarez-Acoustic-Cutaway-038C-Strings/dp/B017NPCSLI/ref=sr_1_5?crid=1SOSG6HC68RQK&dib=eyJ2IjoiMSJ9.crxhhcuVe8Gag3-0mnCXJicShGwdQMAVjoplkB0aFS6JBqHKNV193Xd1pp9awKlpTToABoALOYF6qpt1xanlBnCiLifjV1LNjyRlggWNSQ_PpfOyjnfCgvAEjtPe9BhHe9u0JKxNMEGxYhayGl0C5elvTbflwx9_IC30b-74--fHruQ4_tRvwwK93u7qaCquIny0jrevA9w7HSvrFlI9A70tYweAr15yQD4EBn0dyZnPUegGkFnivs94Odsfq8H_6vFh9ObUbu87IPSMWMp6hmz2v-2JcDl5df6skcZSs3g.2WlessTxygxDgXpYxTbvUVzxC0X4bdMLger594O8T3Y&dib_tag=se&keywords=guitar&qid=1732699801&s=musical-instruments&sprefix=%2Cmi%2C327&sr=1-5,2579.0
2024-11-27 16:06:11.947110,https://www.amazon.in/Juarez-Acoustic-Cutaway-038C-Strings/dp/B017NPCSLI/ref=sr_1_5?crid=1SOSG6HC68RQK&dib=eyJ2IjoiMSJ9.crxhhcuVe8Gag3-0mnCXJicShGwdQMAVjoplkB0aFS6JBqHKNV193Xd1pp9awKlpTToABoALOYF6qpt1xanlBnCiLifjV1LNjyRlggWNSQ_PpfOyjnfCgvAEjtPe9BhHe9u0JKxNMEGxYhayGl0C5elvTbflwx9_IC30b-74--fHruQ4_tRvwwK93u7qaCquIny0jrevA9w7HSvrFlI9A70tYweAr15yQD4EBn0dyZnPUegGkFnivs94Odsfq8H_6vFh9ObUbu87IPSMWMp6hmz2v-2JcDl5df6skcZSs3g.2WlessTxygxDgXpYxTbvUVzxC0X4bdMLger594O8T3Y&dib_tag=se&keywords=guitar&qid=1732699801&s=musical-instruments&sprefix=%2Cmi%2C327&sr=1-5,2179.0
2024-11-27 16:08:38.113294,https://www.amazon.in/Juarez-Acoustic-Cutaway-038C-Strings/dp/B017NPCSLI/ref=sr_1_5?crid=1SOSG6HC68RQK&dib=eyJ2IjoiMSJ9.crxhhcuVe8Gag3-0mnCXJicShGwdQMAVjoplkB0aFS6JBqHKNV193Xd1pp9awKlpTToABoALOYF6qpt1xanlBnCiLifjV1LNjyRlggWNSQ_PpfOyjnfCgvAEjtPe9BhHe9u0JKxNMEGxYhayGl0C5elvTbflwx9_IC30b-74--fHruQ4_tRvwwK93u7qaCquIny0jrevA9w7HSvrFlI9A70tYweAr15yQD4EBn0dyZnPUegGkFnivs94Odsfq8H_6vFh9ObUbu87IPSMWMp6hmz2v-2JcDl5df6skcZSs3g.2WlessTxygxDgXpYxTbvUVzxC0X4bdMLger594O8T3Y&dib_tag=se&keywords=guitar&qid=1732699801&s=musical-instruments&sprefix=%2Cmi%2C327&sr=1-5,2179.0
2024-11-27 17:11:06.613414,https://www.amazon.in/Medellin-Acoustic-Guitar-learning-course/dp/B0CJY91RB1/ref=sr_1_6?crid=1SOSG6HC68RQK&dib=eyJ2IjoiMSJ9.crxhhcuVe8Gag3-0mnCXJicShGwdQMAVjoplkB0aFS6JBqHKNV193Xd1pp9awKlpTToABoALOYF6qpt1xanlBnCiLifjV1LNjyRlggWNSQ_PpfOyjnfCgvAEjtPe9BhHe9u0JKxNMEGxYhayGl0C5elvTbflwx9_IC30b-74--fHruQ4_tRvwwK93u7qaCquIny0jrevA9w7HSvrFlI9A70tYweAr15yQD4EBn0dyZnPUegGkFnivs94Odsfq8H_6vFh9ObUbu87IPSMWMp6hmz2v-2JcDl5df6skcZSs3g.2WlessTxygxDgXpYxTbvUVzxC0X4bdMLger594O8T3Y&dib_tag=se&keywords=guitar&qid=1732699801&s=musical-instruments&sprefix=%2Cmi%2C327&sr=1-6,1999.0
2024-11-27 17:11:59.116264,https://www.amazon.in/Medellin-Acoustic-Guitar-learning-course/dp/B0CJY91RB1/ref=sr_1_6?crid=1SOSG6HC68RQK&dib=eyJ2IjoiMSJ9.crxhhcuVe8Gag3-0mnCXJicShGwdQMAVjoplkB0aFS6JBqHKNV193Xd1pp9awKlpTToABoALOYF6qpt1xanlBnCiLifjV1LNjyRlggWNSQ_PpfOyjnfCgvAEjtPe9BhHe9u0JKxNMEGxYhayGl0C5elvTbflwx9_IC30b-74--fHruQ4_tRvwwK93u7qaCquIny0jrevA9w7HSvrFlI9A70tYweAr15yQD4EBn0dyZnPUegGkFnivs94Odsfq8H_6vFh9ObUbu87IPSMWMp6hmz2v-2JcDl5df6skcZSs3g.2WlessTxygxDgXpYxTbvUVzxC0X4bdMLger594O8T3Y&dib_tag=se&keywords=guitar&qid=1732699801&s=musical-instruments&sprefix=%2Cmi%2C327&sr=1-6,1999.0
2024-08-30 23:22:43.515721,https://www.amazon.in/sspa/click?ie=UTF8&spc=MTo4NzI3NzMzODM2NzMwNDIxOjE3MzI3Mjk4OTQ6c3BfYXRmOjIwMDg4NDY1ODE5NDA0OjowOjo&url=%2FHenrix-Acoustic-Guitar-Die-cast-Dual-action%2Fdp%2FB07VNDW6QF%2Fref%3Dsr_1_2_sspa%3Fcrid%3DGU79NWO8D78U%26dib%3DeyJ2IjoiMSJ9.crxhhcuVe8Gag3-0mnCXJicShGwdQMAVjoplkB0aFS4S42RGV16XYhApl-ozr9U4Ce3YAtFqhGrSBRHKmveJaZC4lo4JWTVfBDpHjU5QPdtA9XpIIkvnwavrCPLNPCRsgbxY6YyJIl9qtqzaUmU53xkpOn3r-17TCw3SjqsUKX1w5Gcd_joXVhjkCGlKr6r2e46JZzsKXA4vx9SDcuvrZB4WJiJo4K_jZfZb_pLmzhbEYbkOWF8MZOVoOuhV_PWaK368sWO6FIJ6s6uIMKDqQLL8iRrMv88aYfNBZiAmLc8.Xi6m6Deu2ephdIQtOr0Tic-3mAL-87nlwKiOvuZjfc0%26dib_tag%3Dse%26keywords%3Dguitar%26qid%3D1732729894%26s%3Dmusical-instruments%26sprefix%3D%252Cmi%252C273%26sr%3D1-2-spons%26sp_csd%3Dd2lkZ2V0TmFtZT1zcF9hdGY%26psc%3D1,3399.0
2024-10-01 23:22:43.515721,https://www.amazon.in/sspa/click?ie=UTF8&spc=MTo4NzI3NzMzODM2NzMwNDIxOjE3MzI3Mjk4OTQ6c3BfYXRmOjIwMDg4NDY1ODE5NDA0OjowOjo&url=%2FHenrix-Acoustic-Guitar-Die-cast-Dual-action%2Fdp%2FB07VNDW6QF%2Fref%3Dsr_1_2_sspa%3Fcrid%3DGU79NWO8D78U%26dib%3DeyJ2IjoiMSJ9.crxhhcuVe8Gag3-0mnCXJicShGwdQMAVjoplkB0aFS4S42RGV16XYhApl-ozr9U4Ce3YAtFqhGrSBRHKmveJaZC4lo4JWTVfBDpHjU5QPdtA9XpIIkvnwavrCPLNPCRsgbxY6YyJIl9qtqzaUmU53xkpOn3r-17TCw3SjqsUKX1w5Gcd_joXVhjkCGlKr6r2e46JZzsKXA4vx9SDcuvrZB4WJiJo4K_jZfZb_pLmzhbEYbkOWF8MZOVoOuhV_PWaK368sWO6FIJ6s6uIMKDqQLL8iRrMv88aYfNBZiAmLc8.Xi6m6Deu2ephdIQtOr0Tic-3mAL-87nlwKiOvuZjfc0%26dib_tag%3Dse%26keywords%3Dguitar%26qid%3D1732729894%26s%3Dmusical-instruments%26sprefix%3D%252Cmi%252C273%26sr%3D1-2-spons%26sp_csd%3Dd2lkZ2V0TmFtZT1zcF9hdGY%26psc%3D1,3399.0
2024-10-25 23:22:43.515721,https://www.amazon.in/sspa/click?ie=UTF8&spc=MTo4NzI3NzMzODM2NzMwNDIxOjE3MzI3Mjk4OTQ6c3BfYXRmOjIwMDg4NDY1ODE5NDA0OjowOjo&url=%2FHenrix-Acoustic-Guitar-Die-cast-Dual-action%2Fdp%2FB07VNDW6QF%2Fref%3Dsr_1_2_sspa%3Fcrid%3DGU79NWO8D78U%26dib%3DeyJ2IjoiMSJ9.crxhhcuVe8Gag3-0mnCXJicShGwdQMAVjoplkB0aFS4S42RGV16XYhApl-ozr9U4Ce3YAtFqhGrSBRHKmveJaZC4lo4JWTVfBDpHjU5QPdtA9XpIIkvnwavrCPLNPCRsgbxY6YyJIl9qtqzaUmU53xkpOn3r-17TCw3SjqsUKX1w5Gcd_joXVhjkCGlKr6r2e46JZzsKXA4vx9SDcuvrZB4WJiJo4K_jZfZb_pLmzhbEYbkOWF8MZOVoOuhV_PWaK368sWO6FIJ6s6uIMKDqQLL8iRrMv88aYfNBZiAmLc8.Xi6m6Deu2ephdIQtOr0Tic-3mAL-87nlwKiOvuZjfc0%26dib_tag%3Dse%26keywords%3Dguitar%26qid%3D1732729894%26s%3Dmusical-instruments%26sprefix%3D%252Cmi%252C273%26sr%3D1-2-spons%26sp_csd%3Dd2lkZ2V0TmFtZT1zcF9hdGY%26psc%3D1,3399.0
2024-11-15 23:22:43.515721,https://www.amazon.in/sspa/click?ie=UTF8&spc=MTo4NzI3NzMzODM2NzMwNDIxOjE3MzI3Mjk4OTQ6c3BfYXRmOjIwMDg4NDY1ODE5NDA0OjowOjo&url=%2FHenrix-Acoustic-Guitar-Die-cast-Dual-action%2Fdp%2FB07VNDW6QF%2Fref%3Dsr_1_2_sspa%3Fcrid%3DGU79NWO8D78U%26dib%3DeyJ2IjoiMSJ9.crxhhcuVe8Gag3-0mnCXJicShGwdQMAVjoplkB0aFS4S42RGV16XYhApl-ozr9U4Ce3YAtFqhGrSBRHKmveJaZC4lo4JWTVfBDpHjU5QPdtA9XpIIkvnwavrCPLNPCRsgbxY6YyJIl9qtqzaUmU53xkpOn3r-17TCw3SjqsUKX1w5Gcd_joXVhjkCGlKr6r2e46JZzsKXA4vx9SDcuvrZB4WJiJo4K_jZfZb_pLmzhbEYbkOWF8MZOVoOuhV_PWaK368sWO6FIJ6s6uIMKDqQLL8iRrMv88aYfNBZiAmLc8.Xi6m6Deu2ephdIQtOr0Tic-3mAL-87nlwKiOvuZjfc0%26dib_tag%3Dse%26keywords%3Dguitar%26qid%3D1732729894%26s%3Dmusical-instruments%26sprefix%3D%252Cmi%252C273%26sr%3D1-2-spons%26sp_csd%3Dd2lkZ2V0TmFtZT1zcF9hdGY%26psc%3D1,3399.0
2024-11-27 23:28:03.910692,https://www.amazon.in/sspa/click?ie=UTF8&spc=MTo4NzI3NzMzODM2NzMwNDIxOjE3MzI3Mjk4OTQ6c3BfYXRmOjIwMDg4NDY1ODE5NDA0OjowOjo&url=%2FHenrix-Acoustic-Guitar-Die-cast-Dual-action%2Fdp%2FB07VNDW6QF%2Fref%3Dsr_1_2_sspa%3Fcrid%3DGU79NWO8D78U%26dib%3DeyJ2IjoiMSJ9.crxhhcuVe8Gag3-0mnCXJicShGwdQMAVjoplkB0aFS4S42RGV16XYhApl-ozr9U4Ce3YAtFqhGrSBRHKmveJaZC4lo4JWTVfBDpHjU5QPdtA9XpIIkvnwavrCPLNPCRsgbxY6YyJIl9qtqzaUmU53xkpOn3r-17TCw3SjqsUKX1w5Gcd_joXVhjkCGlKr6r2e46JZzsKXA4vx9SDcuvrZB4WJiJo4K_jZfZb_pLmzhbEYbkOWF8MZOVoOuhV_PWaK368sWO6FIJ6s6uIMKDqQLL8iRrMv88aYfNBZiAmLc8.Xi6m6Deu2ephdIQtOr0Tic-3mAL-87nlwKiOvuZjfc0%26dib_tag%3Dse%26keywords%3Dguitar%26qid%3D1732729894%26s%3Dmusical-instruments%26sprefix%3D%252Cmi%252C273%26sr%3D1-2-spons%26sp_csd%3Dd2lkZ2V0TmFtZT1zcF9hdGY%26psc%3D1,3399.0
2024-11-27 23:31:24.352229,https://www.amazon.in/sspa/click?ie=UTF8&spc=MTo4NzI3NzMzODM2NzMwNDIxOjE3MzI3Mjk4OTQ6c3BfYXRmOjIwMDg4NDY1ODE5NDA0OjowOjo&url=%2FHenrix-Acoustic-Guitar-Die-cast-Dual-action%2Fdp%2FB07VNDW6QF%2Fref%3Dsr_1_2_sspa%3Fcrid%3DGU79NWO8D78U%26dib%3DeyJ2IjoiMSJ9.crxhhcuVe8Gag3-0mnCXJicShGwdQMAVjoplkB0aFS4S42RGV16XYhApl-ozr9U4Ce3YAtFqhGrSBRHKmveJaZC4lo4JWTVfBDpHjU5QPdtA9XpIIkvnwavrCPLNPCRsgbxY6YyJIl9qtqzaUmU53xkpOn3r-17TCw3SjqsUKX1w5Gcd_joXVhjkCGlKr6r2e46JZzsKXA4vx9SDcuvrZB4WJiJo4K_jZfZb_pLmzhbEYbkOWF8MZOVoOuhV_PWaK368sWO6FIJ6s6uIMKDqQLL8iRrMv88aYfNBZiAmLc8.Xi6m6Deu2ephdIQtOr0Tic-3mAL-87nlwKiOvuZjfc0%26dib_tag%3Dse%26keywords%3Dguitar%26qid%3D1732729894%26s%3Dmusical-instruments%26sprefix%3D%252Cmi%252C273%26sr%3D1-2-spons%26sp_csd%3Dd2lkZ2V0TmFtZT1zcF9hdGY%26psc%3D1,3399.0
2024-10-27 23:57:00.848156,https://www.amazon.in/Kadence-Frontier-Acoustic-Guitar-Strings/dp/B078GTJP5Y/ref=sr_1_8?crid=GU79NWO8D78U&dib=eyJ2IjoiMSJ9.crxhhcuVe8Gag3-0mnCXJicShGwdQMAVjoplkB0aFS4S42RGV16XYhApl-ozr9U4Ce3YAtFqhGrSBRHKmveJaZC4lo4JWTVfBDpHjU5QPdtA9XpIIkvnwavrCPLNPCRsgbxY6YyJIl9qtqzaUmU53xkpOn3r-17TCw3SjqsUKX1w5Gcd_joXVhjkCGlKr6r2e46JZzsKXA4vx9SDcuvrZB4WJiJo4K_jZfZb_pLmzhbEYbkOWF8MZOVoOuhV_PWaK368sWO6FIJ6s6uIMKDqQLL8iRrMv88aYfNBZiAmLc8.Xi6m6Deu2ephdIQtOr0Tic-3mAL-87nlwKiOvuZjfc0&dib_tag=se&keywords=guitar&qid=1732729894&s=musical-instruments&sprefix=%2Cmi%2C273&sr=1-8,3999.0
2024-11-27 23:57:00.848156,https://www.amazon.in/Kadence-Frontier-Acoustic-Guitar-Strings/dp/B078GTJP5Y/ref=sr_1_8?crid=GU79NWO8D78U&dib=eyJ2IjoiMSJ9.crxhhcuVe8Gag3-0mnCXJicShGwdQMAVjoplkB0aFS4S42RGV16XYhApl-ozr9U4Ce3YAtFqhGrSBRHKmveJaZC4lo4JWTVfBDpHjU5QPdtA9XpIIkvnwavrCPLNPCRsgbxY6YyJIl9qtqzaUmU53xkpOn3r-17TCw3SjqsUKX1w5Gcd_joXVhjkCGlKr6r2e46JZzsKXA4vx9SDcuvrZB4WJiJo4K_jZfZb_pLmzhbEYbkOWF8MZOVoOuhV_PWaK368sWO6FIJ6s6uIMKDqQLL8iRrMv88aYfNBZiAmLc8.Xi6m6Deu2ephdIQtOr0Tic-3mAL-87nlwKiOvuZjfc0&dib_tag=se&keywords=guitar&qid=1732729894&s=musical-instruments&sprefix=%2Cmi%2C273&sr=1-8,5999.0
2024-11-27 23:58:26.603976,https://www.amazon.in/Kadence-Frontier-Acoustic-Guitar-Strings/dp/B078GTJP5Y/ref=sr_1_8?crid=GU79NWO8D78U&dib=eyJ2IjoiMSJ9.crxhhcuVe8Gag3-0mnCXJicShGwdQMAVjoplkB0aFS4S42RGV16XYhApl-ozr9U4Ce3YAtFqhGrSBRHKmveJaZC4lo4JWTVfBDpHjU5QPdtA9XpIIkvnwavrCPLNPCRsgbxY6YyJIl9qtqzaUmU53xkpOn3r-17TCw3SjqsUKX1w5Gcd_joXVhjkCGlKr6r2e46JZzsKXA4vx9SDcuvrZB4WJiJo4K_jZfZb_pLmzhbEYbkOWF8MZOVoOuhV_PWaK368sWO6FIJ6s6uIMKDqQLL8iRrMv88aYfNBZiAmLc8.Xi6m6Deu2ephdIQtOr0Tic-3mAL-87nlwKiOvuZjfc0&dib_tag=se&keywords=guitar&qid=1732729894&s=musical-instruments&sprefix=%2Cmi%2C273&sr=1-8,4999.0
2024-11-28 10:11:59.912756,https://www.amazon.in/Medellin-Acoustic-Guitar-learning-course/dp/B0CJY91RB1/ref=sr_1_6?crid=3H1FZJYZCOHM9&dib=eyJ2IjoiMSJ9.crxhhcuVe8Gag3-0mnCXJicShGwdQMAVjoplkB0aFS4S42RGV16XYhApl-ozr9U4FLYfXqXJ8rJg0tpETtynFwRKUVOEY5h9UBm3S33qvRIWhAdmzrQWtvQJrFu0PiekMcLcHfjOKisO0HjbANvf7hkpOn3r-17TCw3SjqsUKX1w5Gcd_joXVhjkCGlKr6r2Wnf2Z3YAVZ7xPmoBjhPQTzX6teCymeya6pn7B0rLxVZoKXUb78R0MLCfh9MPoTbmsvB3-qgcyy1TPK9DJW6gqE_ixp7Ipj7kKR4lRnAMQBU.1-RsfOXYxQ464z2Q0F1Pr8sn0xk0YBaWU2kxnNPCoIM&dib_tag=se&keywords=guitar&qid=1732768889&s=musical-instruments&sprefix=%2Cmi%2C265&sr=1-6,1999.0
2024-06-02 10:34:26.904951,https://www.amazon.in/sspa/click?ie=UTF8&spc=MTo2ODU0ODEzODk1MDAzMjIzOjE3MzI3Njk2Mjk6c3BfYXRmOjMwMDM4OTcyNDk1MTUzMjo6MDo6&url=%2FKadence-Acoustica-Auditorium-Acoustic-Learning%2Fdp%2FB0DJ35MC78%2Fref%3Dsr_1_1_sspa%3Fcrid%3D3AAJZM9KIPAE9%26dib%3DeyJ2IjoiMSJ9.crxhhcuVe8Gag3-0mnCXJiOSSKJki5hOYLJU7nup4DUXPldTpT50Q0u6mPCfSg5fEp5kGrjqpOFvlRaS2_O0AJ1BxBWZonfjjbbOdDQITjMehF-XWxYpztzkX2XcaQcDlYfz9j88z9a7p-jzWObe1m-RfpEZOS5esg9LNTIfN05c_L5d_MrAAYheLVeHAuKv_rQpG_EMpQq9fVoiVehPWXYiql_jDCPu6JEZXhqIu0iBWnPLbTjofNGEmNQO_zs_ibSbEUaOE_2fwc5IkdEmBqkzdWH1_g9v82PNqxu9Pwo.MMB37F1SwlEYLoJri2ueE7m5r_xnEaXjb0Xg0cCSlaE%26dib_tag%3Dse%26keywords%3Dguitar%26qid%3D1732769629%26sprefix%3Dguitar%252Caps%252C410%26sr%3D8-1-spons%26sp_csd%3Dd2lkZ2V0TmFtZT1zcF9hdGY%26psc%3D1,8999.0
2024-07-28 10:34:26.904951,https://www.amazon.in/sspa/click?ie=UTF8&spc=MTo2ODU0ODEzODk1MDAzMjIzOjE3MzI3Njk2Mjk6c3BfYXRmOjMwMDM4OTcyNDk1MTUzMjo6MDo6&url=%2FKadence-Acoustica-Auditorium-Acoustic-Learning%2Fdp%2FB0DJ35MC78%2Fref%3Dsr_1_1_sspa%3Fcrid%3D3AAJZM9KIPAE9%26dib%3DeyJ2IjoiMSJ9.crxhhcuVe8Gag3-0mnCXJiOSSKJki5hOYLJU7nup4DUXPldTpT50Q0u6mPCfSg5fEp5kGrjqpOFvlRaS2_O0AJ1BxBWZonfjjbbOdDQITjMehF-XWxYpztzkX2XcaQcDlYfz9j88z9a7p-jzWObe1m-RfpEZOS5esg9LNTIfN05c_L5d_MrAAYheLVeHAuKv_rQpG_EMpQq9fVoiVehPWXYiql_jDCPu6JEZXhqIu0iBWnPLbTjofNGEmNQO_zs_ibSbEUaOE_2fwc5IkdEmBqkzdWH1_g9v82PNqxu9Pwo.MMB37F1SwlEYLoJri2ueE7m5r_xnEaXjb0Xg0cCSlaE%26dib_tag%3Dse%26keywords%3Dguitar%26qid%3D1732769629%26sprefix%3Dguitar%252Caps%252C410%26sr%3D8-1-spons%26sp_csd%3Dd2lkZ2V0TmFtZT1zcF9hdGY%26psc%3D1,7099.0
2024-09-01 10:34:26.904951,https://www.amazon.in/sspa/click?ie=UTF8&spc=MTo2ODU0ODEzODk1MDAzMjIzOjE3MzI3Njk2Mjk6c3BfYXRmOjMwMDM4OTcyNDk1MTUzMjo6MDo6&url=%2FKadence-Acoustica-Auditorium-Acoustic-Learning%2Fdp%2FB0DJ35MC78%2Fref%3Dsr_1_1_sspa%3Fcrid%3D3AAJZM9KIPAE9%26dib%3DeyJ2IjoiMSJ9.crxhhcuVe8Gag3-0mnCXJiOSSKJki5hOYLJU7nup4DUXPldTpT50Q0u6mPCfSg5fEp5kGrjqpOFvlRaS2_O0AJ1BxBWZonfjjbbOdDQITjMehF-XWxYpztzkX2XcaQcDlYfz9j88z9a7p-jzWObe1m-RfpEZOS5esg9LNTIfN05c_L5d_MrAAYheLVeHAuKv_rQpG_EMpQq9fVoiVehPWXYiql_jDCPu6JEZXhqIu0iBWnPLbTjofNGEmNQO_zs_ibSbEUaOE_2fwc5IkdEmBqkzdWH1_g9v82PNqxu9Pwo.MMB37F1SwlEYLoJri2ueE7m5r_xnEaXjb0Xg0cCSlaE%26dib_tag%3Dse%26keywords%3Dguitar%26qid%3D1732769629%26sprefix%3Dguitar%252Caps%252C410%26sr%3D8-1-spons%26sp_csd%3Dd2lkZ2V0TmFtZT1zcF9hdGY%26psc%3D1,6999.0
2024-10-02 10:34:26.904951,https://www.amazon.in/sspa/click?ie=UTF8&spc=MTo2ODU0ODEzODk1MDAzMjIzOjE3MzI3Njk2Mjk6c3BfYXRmOjMwMDM4OTcyNDk1MTUzMjo6MDo6&url=%2FKadence-Acoustica-Auditorium-Acoustic-Learning%2Fdp%2FB0DJ35MC78%2Fref%3Dsr_1_1_sspa%3Fcrid%3D3AAJZM9KIPAE9%26dib%3DeyJ2IjoiMSJ9.crxhhcuVe8Gag3-0mnCXJiOSSKJki5hOYLJU7nup4DUXPldTpT50Q0u6mPCfSg5fEp5kGrjqpOFvlRaS2_O0AJ1BxBWZonfjjbbOdDQITjMehF-XWxYpztzkX2XcaQcDlYfz9j88z9a7p-jzWObe1m-RfpEZOS5esg9LNTIfN05c_L5d_MrAAYheLVeHAuKv_rQpG_EMpQq9fVoiVehPWXYiql_jDCPu6JEZXhqIu0iBWnPLbTjofNGEmNQO_zs_ibSbEUaOE_2fwc5IkdEmBqkzdWH1_g9v82PNqxu9Pwo.MMB37F1SwlEYLoJri2ueE7m5r_xnEaXjb0Xg0cCSlaE%26dib_tag%3Dse%26keywords%3Dguitar%26qid%3D1732769629%26sprefix%3Dguitar%252Caps%252C410%26sr%3D8-1-spons%26sp_csd%3Dd2lkZ2V0TmFtZT1zcF9hdGY%26psc%3D1,5999.0
2024-10-30 10:34:26.904951,https://www.amazon.in/sspa/click?ie=UTF8&spc=MTo2ODU0ODEzODk1MDAzMjIzOjE3MzI3Njk2Mjk6c3BfYXRmOjMwMDM4OTcyNDk1MTUzMjo6MDo6&url=%2FKadence-Acoustica-Auditorium-Acoustic-Learning%2Fdp%2FB0DJ35MC78%2Fref%3Dsr_1_1_sspa%3Fcrid%3D3AAJZM9KIPAE9%26dib%3DeyJ2IjoiMSJ9.crxhhcuVe8Gag3-0mnCXJiOSSKJki5hOYLJU7nup4DUXPldTpT50Q0u6mPCfSg5fEp5kGrjqpOFvlRaS2_O0AJ1BxBWZonfjjbbOdDQITjMehF-XWxYpztzkX2XcaQcDlYfz9j88z9a7p-jzWObe1m-RfpEZOS5esg9LNTIfN05c_L5d_MrAAYheLVeHAuKv_rQpG_EMpQq9fVoiVehPWXYiql_jDCPu6JEZXhqIu0iBWnPLbTjofNGEmNQO_zs_ibSbEUaOE_2fwc5IkdEmBqkzdWH1_g9v82PNqxu9Pwo.MMB37F1SwlEYLoJri2ueE7m5r_xnEaXjb0Xg0cCSlaE%26dib_tag%3Dse%26keywords%3Dguitar%26qid%3D1732769629%26sprefix%3Dguitar%252Caps%252C410%26sr%3D8-1-spons%26sp_csd%3Dd2lkZ2V0TmFtZT1zcF9hdGY%26psc%3D1,6099.0
2024-11-25 10:34:26.904951,https://www.amazon.in/sspa/click?ie=UTF8&spc=MTo2ODU0ODEzODk1MDAzMjIzOjE3MzI3Njk2Mjk6c3BfYXRmOjMwMDM4OTcyNDk1MTUzMjo6MDo6&url=%2FKadence-Acoustica-Auditorium-Acoustic-Learning%2Fdp%2FB0DJ35MC78%2Fref%3Dsr_1_1_sspa%3Fcrid%3D3AAJZM9KIPAE9%26dib%3DeyJ2IjoiMSJ9.crxhhcuVe8Gag3-0mnCXJiOSSKJki5hOYLJU7nup4DUXPldTpT50Q0u6mPCfSg5fEp5kGrjqpOFvlRaS2_O0AJ1BxBWZonfjjbbOdDQITjMehF-XWxYpztzkX2XcaQcDlYfz9j88z9a7p-jzWObe1m-RfpEZOS5esg9LNTIfN05c_L5d_MrAAYheLVeHAuKv_rQpG_EMpQq9fVoiVehPWXYiql_jDCPu6JEZXhqIu0iBWnPLbTjofNGEmNQO_zs_ibSbEUaOE_2fwc5IkdEmBqkzdWH1_g9v82PNqxu9Pwo.MMB37F1SwlEYLoJri2ueE7m5r_xnEaXjb0Xg0cCSlaE%26dib_tag%3Dse%26keywords%3Dguitar%26qid%3D1732769629%26sprefix%3Dguitar%252Caps%252C410%26sr%3D8-1-spons%26sp_csd%3Dd2lkZ2V0TmFtZT1zcF9hdGY%26psc%3D1,6099.0
2024-11-28 10:45:02.959810,https://www.amazon.in/sspa/click?ie=UTF8&spc=MTo2ODU0ODEzODk1MDAzMjIzOjE3MzI3Njk2Mjk6c3BfYXRmOjMwMDM4OTcyNDk1MTUzMjo6MDo6&url=%2FKadence-Acoustica-Auditorium-Acoustic-Learning%2Fdp%2FB0DJ35MC78%2Fref%3Dsr_1_1_sspa%3Fcrid%3D3AAJZM9KIPAE9%26dib%3DeyJ2IjoiMSJ9.crxhhcuVe8Gag3-0mnCXJiOSSKJki5hOYLJU7nup4DUXPldTpT50Q0u6mPCfSg5fEp5kGrjqpOFvlRaS2_O0AJ1BxBWZonfjjbbOdDQITjMehF-XWxYpztzkX2XcaQcDlYfz9j88z9a7p-jzWObe1m-RfpEZOS5esg9LNTIfN05c_L5d_MrAAYheLVeHAuKv_rQpG_EMpQq9fVoiVehPWXYiql_jDCPu6JEZXhqIu0iBWnPLbTjofNGEmNQO_zs_ibSbEUaOE_2fwc5IkdEmBqkzdWH1_g9v82PNqxu9Pwo.MMB37F1SwlEYLoJri2ueE7m5r_xnEaXjb0Xg0cCSlaE%26dib_tag%3Dse%26keywords%3Dguitar%26qid%3D1732769629%26sprefix%3Dguitar%252Caps%252C410%26sr%3D8-1-spons%26sp_csd%3Dd2lkZ2V0TmFtZT1zcF9hdGY%26psc%3D1,6999.0
2024-11-28 14:08:58.413197,https://www.amazon.in/sspa/click?ie=UTF8&spc=MTo0Njg3OTIyNDg4NDM0MTg1OjE3MzI3ODMwNjE6c3BfYXRmOjMwMDM4OTcyNDk1MTUzMjo6MDo6&url=%2FKadence-Acoustica-Auditorium-Acoustic-Learning%2Fdp%2FB0DJ35MC78%2Fref%3Dsr_1_1_sspa%3Fcrid%3D18C3XR4AVMKQ1%26dib%3DeyJ2IjoiMSJ9.crxhhcuVe8Gag3-0mnCXJiOSSKJki5hOYLJU7nup4DUXPldTpT50Q0u6mPCfSg5fEp5kGrjqpOFvlRaS2_O0AJ1BxBWZonfjjbbOdDQITjMehF-XWxYpztzkX2XcaQcDlYfz9j88z9a7p-jzWObe1n0TMQP-6oq0ECOv7TVMZHvbr-UWJSSlP1rccmadxXvcc1A64Zy7lKI49AXAdYfpTRFOJMhZuIGCHQYort5GZ7N520QLTMsQe0LR8S283ZZhBZzAlJ6B8sRAPSLwTCujfIZ5l6akjUEYYiF6SNBpZ88.hdRRGZ-cj5w05ybjX7-TrgIPaRbTzxhycuZW2WFpgbI%26dib_tag%3Dse%26keywords%3Dguitar%26qid%3D1732783061%26sprefix%3D%252Caps%252C782%26sr%3D8-1-spons%26sp_csd%3Dd2lkZ2V0TmFtZT1zcF9hdGY%26psc%3D1,6999.0
2024-08-06 20:18:13.294110,https://www.amazon.in/sspa/click?ie=UTF8&spc=MTo1MTQzNTU5NTYyNDYzMzcxOjE3MzI4MDQ4NDc6c3BfYXRmOjMwMDI4NTY2MjQyOTkzMjo6MDo6&url=%2FFastrack-Limitless-Watchfaces-Assistant-Smartwatch%2Fdp%2FB0D9629NJQ%2Fref%3Dsr_1_1_sspa%3Fadgrpid%3D1318316051706421%26dib%3DeyJ2IjoiMSJ9.8CJjTbwayzjF8vluRgIWzay0MZaaQK1-jMTMU0qeQVp2k82YkCNMS9LLWmkya0v1eHAxgcqzDQqsA-9zesS3lf9P0Lw7o_wtfz7p2WQ4kEMrYNh9veWzZKYN4y9NAX2gDBIRq9IcYOJQbpi88xpMTifsU2k4DzE2G54qSd31ezKNlvZHdVToZopHh3iLScj1XbUM61j8iBrifUxxn8Y7vhDH0zmsXNT-iYbxTBcgUWJQR8cWAm2qYVv-Kv040hUylBDBDalxP_wfo9Fds2WwPDtK11d8LWqPcsXpCs7VYIg.bUtwR8yfHdSMJQ9_kTusS8eemOwYIpQb5laXGrDfKzg%26dib_tag%3Dse%26hvadid%3D82395012031610%26hvbmt%3Dbe%26hvdev%3Dc%26hvlocphy%3D155364%26hvnetw%3Do%26hvqmt%3De%26hvtargid%3Dkwd-82395638122991%253Aloc-90%26hydadcr%3D5579_2190757%26keywords%3Dwatch%2527%26msclkid%3Df0cb4b0062dc141d5ec82c48e23694a2%26qid%3D1732804847%26sr%3D8-1-spons%26sp_csd%3Dd2lkZ2V0TmFtZT1zcF9hdGY%26psc%3D1,999.0
2024-08-10 20:22:00.431309,https://www.amazon.in/sspa/click?ie=UTF8&spc=MTo1MTQzNTU5NTYyNDYzMzcxOjE3MzI4MDQ4NDc6c3BfYXRmOjMwMDI4NTY2MjQyOTkzMjo6MDo6&url=%2FFastrack-Limitless-Watchfaces-Assistant-Smartwatch%2Fdp%2FB0D9629NJQ%2Fref%3Dsr_1_1_sspa%3Fadgrpid%3D1318316051706421%26dib%3DeyJ2IjoiMSJ9.8CJjTbwayzjF8vluRgIWzay0MZaaQK1-jMTMU0qeQVp2k82YkCNMS9LLWmkya0v1eHAxgcqzDQqsA-9zesS3lf9P0Lw7o_wtfz7p2WQ4kEMrYNh9veWzZKYN4y9NAX2gDBIRq9IcYOJQbpi88xpMTifsU2k4DzE2G54qSd31ezKNlvZHdVToZopHh3iLScj1XbUM61j8iBrifUxxn8Y7vhDH0zmsXNT-iYbxTBcgUWJQR8cWAm2qYVv-Kv040hUylBDBDalxP_wfo9Fds2WwPDtK11d8LWqPcsXpCs7VYIg.bUtwR8yfHdSMJQ9_kTusS8eemOwYIpQb5laXGrDfKzg%26dib_tag%3Dse%26hvadid%3D82395012031610%26hvbmt%3Dbe%26hvdev%3Dc%26hvlocphy%3D155364%26hvnetw%3Do%26hvqmt%3De%26hvtargid%3Dkwd-82395638122991%253Aloc-90%26hydadcr%3D5579_2190757%26keywords%3Dwatch%2527%26msclkid%3Df0cb4b0062dc141d5ec82c48e23694a2%26qid%3D1732804847%26sr%3D8-1-spons%26sp_csd%3Dd2lkZ2V0TmFtZT1zcF9hdGY%26psc%3D1,999.0
2024-08-11 20:23:57.527652,https://www.amazon.in/sspa/click?ie=UTF8&spc=MTo1MTQzNTU5NTYyNDYzMzcxOjE3MzI4MDQ4NDc6c3BfYXRmOjMwMDI4NTY2MjQyOTkzMjo6MDo6&url=%2FFastrack-Limitless-Watchfaces-Assistant-Smartwatch%2Fdp%2FB0D9629NJQ%2Fref%3Dsr_1_1_sspa%3Fadgrpid%3D1318316051706421%26dib%3DeyJ2IjoiMSJ9.8CJjTbwayzjF8vluRgIWzay0MZaaQK1-jMTMU0qeQVp2k82YkCNMS9LLWmkya0v1eHAxgcqzDQqsA-9zesS3lf9P0Lw7o_wtfz7p2WQ4kEMrYNh9veWzZKYN4y9NAX2gDBIRq9IcYOJQbpi88xpMTifsU2k4DzE2G54qSd31ezKNlvZHdVToZopHh3iLScj1XbUM61j8iBrifUxxn8Y7vhDH0zmsXNT-iYbxTBcgUWJQR8cWAm2qYVv-Kv040hUylBDBDalxP_wfo9Fds2WwPDtK11d8LWqPcsXpCs7VYIg.bUtwR8yfHdSMJQ9_kTusS8eemOwYIpQb5laXGrDfKzg%26dib_tag%3Dse%26hvadid%3D82395012031610%26hvbmt%3Dbe%26hvdev%3Dc%26hvlocphy%3D155364%26hvnetw%3Do%26hvqmt%3De%26hvtargid%3Dkwd-82395638122991%253Aloc-90%26hydadcr%3D5579_2190757%26keywords%3Dwatch%2527%26msclkid%3Df0cb4b0062dc141d5ec82c48e23694a2%26qid%3D1732804847%26sr%3D8-1-spons%26sp_csd%3Dd2lkZ2V0TmFtZT1zcF9hdGY%26psc%3D1,1099.0
2024-08-12 20:23:57.527652,https://www.amazon.in/sspa/click?ie=UTF8&spc=MTo1MTQzNTU5NTYyNDYzMzcxOjE3MzI4MDQ4NDc6c3BfYXRmOjMwMDI4NTY2MjQyOTkzMjo6MDo6&url=%2FFastrack-Limitless-Watchfaces-Assistant-Smartwatch%2Fdp%2FB0D9629NJQ%2Fref%3Dsr_1_1_sspa%3Fadgrpid%3D1318316051706421%26dib%3DeyJ2IjoiMSJ9.8CJjTbwayzjF8vluRgIWzay0MZaaQK1-jMTMU0qeQVp2k82YkCNMS9LLWmkya0v1eHAxgcqzDQqsA-9zesS3lf9P0Lw7o_wtfz7p2WQ4kEMrYNh9veWzZKYN4y9NAX2gDBIRq9IcYOJQbpi88xpMTifsU2k4DzE2G54qSd31ezKNlvZHdVToZopHh3iLScj1XbUM61j8iBrifUxxn8Y7vhDH0zmsXNT-iYbxTBcgUWJQR8cWAm2qYVv-Kv040hUylBDBDalxP_wfo9Fds2WwPDtK11d8LWqPcsXpCs7VYIg.bUtwR8yfHdSMJQ9_kTusS8eemOwYIpQb5laXGrDfKzg%26dib_tag%3Dse%26hvadid%3D82395012031610%26hvbmt%3Dbe%26hvdev%3Dc%26hvlocphy%3D155364%26hvnetw%3Do%26hvqmt%3De%26hvtargid%3Dkwd-82395638122991%253Aloc-90%26hydadcr%3D5579_2190757%26keywords%3Dwatch%2527%26msclkid%3Df0cb4b0062dc141d5ec82c48e23694a2%26qid%3D1732804847%26sr%3D8-1-spons%26sp_csd%3Dd2lkZ2V0TmFtZT1zcF9hdGY%26psc%3D1,1099.0
2024-08-13 20:23:57.527652,https://www.amazon.in/sspa/click?ie=UTF8&spc=MTo1MTQzNTU5NTYyNDYzMzcxOjE3MzI4MDQ4NDc6c3BfYXRmOjMwMDI4NTY2MjQyOTkzMjo6MDo6&url=%2FFastrack-Limitless-Watchfaces-Assistant-Smartwatch%2Fdp%2FB0D9629NJQ%2Fref%3Dsr_1_1_sspa%3Fadgrpid%3D1318316051706421%26dib%3DeyJ2IjoiMSJ9.8CJjTbwayzjF8vluRgIWzay0MZaaQK1-jMTMU0qeQVp2k82YkCNMS9LLWmkya0v1eHAxgcqzDQqsA-9zesS3lf9P0Lw7o_wtfz7p2WQ4kEMrYNh9veWzZKYN4y9NAX2gDBIRq9IcYOJQbpi88xpMTifsU2k4DzE2G54qSd31ezKNlvZHdVToZopHh3iLScj1XbUM61j8iBrifUxxn8Y7vhDH0zmsXNT-iYbxTBcgUWJQR8cWAm2qYVv-Kv040hUylBDBDalxP_wfo9Fds2WwPDtK11d8LWqPcsXpCs7VYIg.bUtwR8yfHdSMJQ9_kTusS8eemOwYIpQb5laXGrDfKzg%26dib_tag%3Dse%26hvadid%3D82395012031610%26hvbmt%3Dbe%26hvdev%3Dc%26hvlocphy%3D155364%26hvnetw%3Do%26hvqmt%3De%26hvtargid%3Dkwd-82395638122991%253Aloc-90%26hydadcr%3D5579_2190757%26keywords%3Dwatch%2527%26msclkid%3Df0cb4b0062dc141d5ec82c48e23694a2%26qid%3D1732804847%26sr%3D8-1-spons%26sp_csd%3Dd2lkZ2V0TmFtZT1zcF9hdGY%26psc%3D1,1399.0
2024-08-15 20:23:57.527652,https://www.amazon.in/sspa/click?ie=UTF8&spc=MTo1MTQzNTU5NTYyNDYzMzcxOjE3MzI4MDQ4NDc6c3BfYXRmOjMwMDI4NTY2MjQyOTkzMjo6MDo6&url=%2FFastrack-Limitless-Watchfaces-Assistant-Smartwatch%2Fdp%2FB0D9629NJQ%2Fref%3Dsr_1_1_sspa%3Fadgrpid%3D1318316051706421%26dib%3DeyJ2IjoiMSJ9.8CJjTbwayzjF8vluRgIWzay0MZaaQK1-jMTMU0qeQVp2k82YkCNMS9LLWmkya0v1eHAxgcqzDQqsA-9zesS3lf9P0Lw7o_wtfz7p2WQ4kEMrYNh9veWzZKYN4y9NAX2gDBIRq9IcYOJQbpi88xpMTifsU2k4DzE2G54qSd31ezKNlvZHdVToZopHh3iLScj1XbUM61j8iBrifUxxn8Y7vhDH0zmsXNT-iYbxTBcgUWJQR8cWAm2qYVv-Kv040hUylBDBDalxP_wfo9Fds2WwPDtK11d8LWqPcsXpCs7VYIg.bUtwR8yfHdSMJQ9_kTusS8eemOwYIpQb5laXGrDfKzg%26dib_tag%3Dse%26hvadid%3D82395012031610%26hvbmt%3Dbe%26hvdev%3Dc%26hvlocphy%3D155364%26hvnetw%3Do%26hvqmt%3De%26hvtargid%3Dkwd-82395638122991%253Aloc-90%26hydadcr%3D5579_2190757%26keywords%3Dwatch%2527%26msclkid%3Df0cb4b0062dc141d5ec82c48e23694a2%26qid%3D1732804847%26sr%3D8-1-spons%26sp_csd%3Dd2lkZ2V0TmFtZT1zcF9hdGY%26psc%3D1,999.0
2024-08-17 20:23:57.527652,https://www.amazon.in/sspa/click?ie=UTF8&spc=MTo1MTQzNTU5NTYyNDYzMzcxOjE3MzI4MDQ4NDc6c3BfYXRmOjMwMDI4NTY2MjQyOTkzMjo6MDo6&url=%2FFastrack-Limitless-Watchfaces-Assistant-Smartwatch%2Fdp%2FB0D9629NJQ%2Fref%3Dsr_1_1_sspa%3Fadgrpid%3D1318316051706421%26dib%3DeyJ2IjoiMSJ9.8CJjTbwayzjF8vluRgIWzay0MZaaQK1-jMTMU0qeQVp2k82YkCNMS9LLWmkya0v1eHAxgcqzDQqsA-9zesS3lf9P0Lw7o_wtfz7p2WQ4kEMrYNh9veWzZKYN4y9NAX2gDBIRq9IcYOJQbpi88xpMTifsU2k4DzE2G54qSd31ezKNlvZHdVToZopHh3iLScj1XbUM61j8iBrifUxxn8Y7vhDH0zmsXNT-iYbxTBcgUWJQR8cWAm2qYVv-Kv040hUylBDBDalxP_wfo9Fds2WwPDtK11d8LWqPcsXpCs7VYIg.bUtwR8yfHdSMJQ9_kTusS8eemOwYIpQb5laXGrDfKzg%26dib_tag%3Dse%26hvadid%3D82395012031610%26hvbmt%3Dbe%26hvdev%3Dc%26hvlocphy%3D155364%26hvnetw%3Do%26hvqmt%3De%26hvtargid%3Dkwd-82395638122991%253Aloc-90%26hydadcr%3D5579_2190757%26keywords%3Dwatch%2527%26msclkid%3Df0cb4b0062dc141d5ec82c48e23694a2%26qid%3D1732804847%26sr%3D8-1-spons%26sp_csd%3Dd2lkZ2V0TmFtZT1zcF9hdGY%26psc%3D1,1399.0
2024-08-20 20:23:57.527652,https://www.amazon.in/sspa/click?ie=UTF8&spc=MTo1MTQzNTU5NTYyNDYzMzcxOjE3MzI4MDQ4NDc6c3BfYXRmOjMwMDI4NTY2MjQyOTkzMjo6MDo6&url=%2FFastrack-Limitless-Watchfaces-Assistant-Smartwatch%2Fdp%2FB0D9629NJQ%2Fref%3Dsr_1_1_sspa%3Fadgrpid%3D1318316051706421%26dib%3DeyJ2IjoiMSJ9.8CJjTbwayzjF8vluRgIWzay0MZaaQK1-jMTMU0qeQVp2k82YkCNMS9LLWmkya0v1eHAxgcqzDQqsA-9zesS3lf9P0Lw7o_wtfz7p2WQ4kEMrYNh9veWzZKYN4y9NAX2gDBIRq9IcYOJQbpi88xpMTifsU2k4DzE2G54qSd31ezKNlvZHdVToZopHh3iLScj1XbUM61j8iBrifUxxn8Y7vhDH0zmsXNT-iYbxTBcgUWJQR8cWAm2qYVv-Kv040hUylBDBDalxP_wfo9Fds2WwPDtK11d8LWqPcsXpCs7VYIg.bUtwR8yfHdSMJQ9_kTusS8eemOwYIpQb5laXGrDfKzg%26dib_tag%3Dse%26hvadid%3D82395012031610%26hvbmt%3Dbe%26hvdev%3Dc%26hvlocphy%3D155364%26hvnetw%3Do%26hvqmt%3De%26hvtargid%3Dkwd-82395638122991%253Aloc-90%26hydadcr%3D5579_2190757%26keywords%3Dwatch%2527%26msclkid%3Df0cb4b0062dc141d5ec82c48e23694a2%26qid%3D1732804847%26sr%3D8-1-spons%26sp_csd%3Dd2lkZ2V0TmFtZT1zcF9hdGY%26psc%3D1,1399.0
2024-09-18 20:23:57.527652,https://www.amazon.in/sspa/click?ie=UTF8&spc=MTo1MTQzNTU5NTYyNDYzMzcxOjE3MzI4MDQ4NDc6c3BfYXRmOjMwMDI4NTY2MjQyOTkzMjo6MDo6&url=%2FFastrack-Limitless-Watchfaces-Assistant-Smartwatch%2Fdp%2FB0D9629NJQ%2Fref%3Dsr_1_1_sspa%3Fadgrpid%3D1318316051706421%26dib%3DeyJ2IjoiMSJ9.8CJjTbwayzjF8vluRgIWzay0MZaaQK1-jMTMU0qeQVp2k82YkCNMS9LLWmkya0v1eHAxgcqzDQqsA-9zesS3lf9P0Lw7o_wtfz7p2WQ4kEMrYNh9veWzZKYN4y9NAX2gDBIRq9IcYOJQbpi88xpMTifsU2k4DzE2G54qSd31ezKNlvZHdVToZopHh3iLScj1XbUM61j8iBrifUxxn8Y7vhDH0zmsXNT-iYbxTBcgUWJQR8cWAm2qYVv-Kv040hUylBDBDalxP_wfo9Fds2WwPDtK11d8LWqPcsXpCs7VYIg.bUtwR8yfHdSMJQ9_kTusS8eemOwYIpQb5laXGrDfKzg%26dib_tag%3Dse%26hvadid%3D82395012031610%26hvbmt%3Dbe%26hvdev%3Dc%26hvlocphy%3D155364%26hvnetw%3Do%26hvqmt%3De%26hvtargid%3Dkwd-82395638122991%253Aloc-90%26hydadcr%3D5579_2190757%26keywords%3Dwatch%2527%26msclkid%3Df0cb4b0062dc141d5ec82c48e23694a2%26qid%3D1732804847%26sr%3D8-1-spons%26sp_csd%3Dd2lkZ2V0TmFtZT1zcF9hdGY%26psc%3D1,1399.0
2024-09-19 20:23:57.527652,https://www.amazon.in/sspa/click?ie=UTF8&spc=MTo1MTQzNTU5NTYyNDYzMzcxOjE3MzI4MDQ4NDc6c3BfYXRmOjMwMDI4NTY2MjQyOTkzMjo6MDo6&url=%2FFastrack-Limitless-Watchfaces-Assistant-Smartwatch%2Fdp%2FB0D9629NJQ%2Fref%3Dsr_1_1_sspa%3Fadgrpid%3D1318316051706421%26dib%3DeyJ2IjoiMSJ9.8CJjTbwayzjF8vluRgIWzay0MZaaQK1-jMTMU0qeQVp2k82YkCNMS9LLWmkya0v1eHAxgcqzDQqsA-9zesS3lf9P0Lw7o_wtfz7p2WQ4kEMrYNh9veWzZKYN4y9NAX2gDBIRq9IcYOJQbpi88xpMTifsU2k4DzE2G54qSd31ezKNlvZHdVToZopHh3iLScj1XbUM61j8iBrifUxxn8Y7vhDH0zmsXNT-iYbxTBcgUWJQR8cWAm2qYVv-Kv040hUylBDBDalxP_wfo9Fds2WwPDtK11d8LWqPcsXpCs7VYIg.bUtwR8yfHdSMJQ9_kTusS8eemOwYIpQb5laXGrDfKzg%26dib_tag%3Dse%26hvadid%3D82395012031610%26hvbmt%3Dbe%26hvdev%3Dc%26hvlocphy%3D155364%26hvnetw%3Do%26hvqmt%3De%26hvtargid%3Dkwd-82395638122991%253Aloc-90%26hydadcr%3D5579_2190757%26keywords%3Dwatch%2527%26msclkid%3Df0cb4b0062dc141d5ec82c48e23694a2%26qid%3D1732804847%26sr%3D8-1-spons%26sp_csd%3Dd2lkZ2V0TmFtZT1zcF9hdGY%26psc%3D1,2012.0
2024-09-20 20:23:57.527652,https://www.amazon.in/sspa/click?ie=UTF8&spc=MTo1MTQzNTU5NTYyNDYzMzcxOjE3MzI4MDQ4NDc6c3BfYXRmOjMwMDI4NTY2MjQyOTkzMjo6MDo6&url=%2FFastrack-Limitless-Watchfaces-Assistant-Smartwatch%2Fdp%2FB0D9629NJQ%2Fref%3Dsr_1_1_sspa%3Fadgrpid%3D1318316051706421%26dib%3DeyJ2IjoiMSJ9.8CJjTbwayzjF8vluRgIWzay0MZaaQK1-jMTMU0qeQVp2k82YkCNMS9LLWmkya0v1eHAxgcqzDQqsA-9zesS3lf9P0Lw7o_wtfz7p2WQ4kEMrYNh9veWzZKYN4y9NAX2gDBIRq9IcYOJQbpi88xpMTifsU2k4DzE2G54qSd31ezKNlvZHdVToZopHh3iLScj1XbUM61j8iBrifUxxn8Y7vhDH0zmsXNT-iYbxTBcgUWJQR8cWAm2qYVv-Kv040hUylBDBDalxP_wfo9Fds2WwPDtK11d8LWqPcsXpCs7VYIg.bUtwR8yfHdSMJQ9_kTusS8eemOwYIpQb5laXGrDfKzg%26dib_tag%3Dse%26hvadid%3D82395012031610%26hvbmt%3Dbe%26hvdev%3Dc%26hvlocphy%3D155364%26hvnetw%3Do%26hvqmt%3De%26hvtargid%3Dkwd-82395638122991%253Aloc-90%26hydadcr%3D5579_2190757%26keywords%3Dwatch%2527%26msclkid%3Df0cb4b0062dc141d5ec82c48e23694a2%26qid%3D1732804847%26sr%3D8-1-spons%26sp_csd%3Dd2lkZ2V0TmFtZT1zcF9hdGY%26psc%3D1,1399.0
2024-09-21 20:23:57.527652,https://www.amazon.in/sspa/click?ie=UTF8&spc=MTo1MTQzNTU5NTYyNDYzMzcxOjE3MzI4MDQ4NDc6c3BfYXRmOjMwMDI4NTY2MjQyOTkzMjo6MDo6&url=%2FFastrack-Limitless-Watchfaces-Assistant-Smartwatch%2Fdp%2FB0D9629NJQ%2Fref%3Dsr_1_1_sspa%3Fadgrpid%3D1318316051706421%26dib%3DeyJ2IjoiMSJ9.8CJjTbwayzjF8vluRgIWzay0MZaaQK1-jMTMU0qeQVp2k82YkCNMS9LLWmkya0v1eHAxgcqzDQqsA-9zesS3lf9P0Lw7o_wtfz7p2WQ4kEMrYNh9veWzZKYN4y9NAX2gDBIRq9IcYOJQbpi88xpMTifsU2k4DzE2G54qSd31ezKNlvZHdVToZopHh3iLScj1XbUM61j8iBrifUxxn8Y7vhDH0zmsXNT-iYbxTBcgUWJQR8cWAm2qYVv-Kv040hUylBDBDalxP_wfo9Fds2WwPDtK11d8LWqPcsXpCs7VYIg.bUtwR8yfHdSMJQ9_kTusS8eemOwYIpQb5laXGrDfKzg%26dib_tag%3Dse%26hvadid%3D82395012031610%26hvbmt%3Dbe%26hvdev%3Dc%26hvlocphy%3D155364%26hvnetw%3Do%26hvqmt%3De%26hvtargid%3Dkwd-82395638122991%253Aloc-90%26hydadcr%3D5579_2190757%26keywords%3Dwatch%2527%26msclkid%3Df0cb4b0062dc141d5ec82c48e23694a2%26qid%3D1732804847%26sr%3D8-1-spons%26sp_csd%3Dd2lkZ2V0TmFtZT1zcF9hdGY%26psc%3D1,1299.0
2024-09-30 20:23:57.527652,https://www.amazon.in/sspa/click?ie=UTF8&spc=MTo1MTQzNTU5NTYyNDYzMzcxOjE3MzI4MDQ4NDc6c3BfYXRmOjMwMDI4NTY2MjQyOTkzMjo6MDo6&url=%2FFastrack-Limitless-Watchfaces-Assistant-Smartwatch%2Fdp%2FB0D9629NJQ%2Fref%3Dsr_1_1_sspa%3Fadgrpid%3D1318316051706421%26dib%3DeyJ2IjoiMSJ9.8CJjTbwayzjF8vluRgIWzay0MZaaQK1-jMTMU0qeQVp2k82YkCNMS9LLWmkya0v1eHAxgcqzDQqsA-9zesS3lf9P0Lw7o_wtfz7p2WQ4kEMrYNh9veWzZKYN4y9NAX2gDBIRq9IcYOJQbpi88xpMTifsU2k4DzE2G54qSd31ezKNlvZHdVToZopHh3iLScj1XbUM61j8iBrifUxxn8Y7vhDH0zmsXNT-iYbxTBcgUWJQR8cWAm2qYVv-Kv040hUylBDBDalxP_wfo9Fds2WwPDtK11d8LWqPcsXpCs7VYIg.bUtwR8yfHdSMJQ9_kTusS8eemOwYIpQb5laXGrDfKzg%26dib_tag%3Dse%26hvadid%3D82395012031610%26hvbmt%3Dbe%26hvdev%3Dc%26hvlocphy%3D155364%26hvnetw%3Do%26hvqmt%3De%26hvtargid%3Dkwd-82395638122991%253Aloc-90%26hydadcr%3D5579_2190757%26keywords%3Dwatch%2527%26msclkid%3Df0cb4b0062dc141d5ec82c48e23694a2%26qid%3D1732804847%26sr%3D8-1-spons%26sp_csd%3Dd2lkZ2V0TmFtZT1zcF9hdGY%26psc%3D1,999.0
2024-10-10 20:23:57.527652,https://www.amazon.in/sspa/click?ie=UTF8&spc=MTo1MTQzNTU5NTYyNDYzMzcxOjE3MzI4MDQ4NDc6c3BfYXRmOjMwMDI4NTY2MjQyOTkzMjo6MDo6&url=%2FFastrack-Limitless-Watchfaces-Assistant-Smartwatch%2Fdp%2FB0D9629NJQ%2Fref%3Dsr_1_1_sspa%3Fadgrpid%3D1318316051706421%26dib%3DeyJ2IjoiMSJ9.8CJjTbwayzjF8vluRgIWzay0MZaaQK1-jMTMU0qeQVp2k82YkCNMS9LLWmkya0v1eHAxgcqzDQqsA-9zesS3lf9P0Lw7o_wtfz7p2WQ4kEMrYNh9veWzZKYN4y9NAX2gDBIRq9IcYOJQbpi88xpMTifsU2k4DzE2G54qSd31ezKNlvZHdVToZopHh3iLScj1XbUM61j8iBrifUxxn8Y7vhDH0zmsXNT-iYbxTBcgUWJQR8cWAm2qYVv-Kv040hUylBDBDalxP_wfo9Fds2WwPDtK11d8LWqPcsXpCs7VYIg.bUtwR8yfHdSMJQ9_kTusS8eemOwYIpQb5laXGrDfKzg%26dib_tag%3Dse%26hvadid%3D82395012031610%26hvbmt%3Dbe%26hvdev%3Dc%26hvlocphy%3D155364%26hvnetw%3Do%26hvqmt%3De%26hvtargid%3Dkwd-82395638122991%253Aloc-90%26hydadcr%3D5579_2190757%26keywords%3Dwatch%2527%26msclkid%3Df0cb4b0062dc141d5ec82c48e23694a2%26qid%3D1732804847%26sr%3D8-1-spons%26sp_csd%3Dd2lkZ2V0TmFtZT1zcF9hdGY%26psc%3D1,999.0
2024-10-11 20:23:57.527652,https://www.amazon.in/sspa/click?ie=UTF8&spc=MTo1MTQzNTU5NTYyNDYzMzcxOjE3MzI4MDQ4NDc6c3BfYXRmOjMwMDI4NTY2MjQyOTkzMjo6MDo6&url=%2FFastrack-Limitless-Watchfaces-Assistant-Smartwatch%2Fdp%2FB0D9629NJQ%2Fref%3Dsr_1_1_sspa%3Fadgrpid%3D1318316051706421%26dib%3DeyJ2IjoiMSJ9.8CJjTbwayzjF8vluRgIWzay0MZaaQK1-jMTMU0qeQVp2k82YkCNMS9LLWmkya0v1eHAxgcqzDQqsA-9zesS3lf9P0Lw7o_wtfz7p2WQ4kEMrYNh9veWzZKYN4y9NAX2gDBIRq9IcYOJQbpi88xpMTifsU2k4DzE2G54qSd31ezKNlvZHdVToZopHh3iLScj1XbUM61j8iBrifUxxn8Y7vhDH0zmsXNT-iYbxTBcgUWJQR8cWAm2qYVv-Kv040hUylBDBDalxP_wfo9Fds2WwPDtK11d8LWqPcsXpCs7VYIg.bUtwR8yfHdSMJQ9_kTusS8eemOwYIpQb5laXGrDfKzg%26dib_tag%3Dse%26hvadid%3D82395012031610%26hvbmt%3Dbe%26hvdev%3Dc%26hvlocphy%3D155364%26hvnetw%3Do%26hvqmt%3De%26hvtargid%3Dkwd-82395638122991%253Aloc-90%26hydadcr%3D5579_2190757%26keywords%3Dwatch%2527%26msclkid%3Df0cb4b0062dc141d5ec82c48e23694a2%26qid%3D1732804847%26sr%3D8-1-spons%26sp_csd%3Dd2lkZ2V0TmFtZT1zcF9hdGY%26psc%3D1,1199.0
2024-10-20 20:23:57.527652,https://www.amazon.in/sspa/click?ie=UTF8&spc=MTo1MTQzNTU5NTYyNDYzMzcxOjE3MzI4MDQ4NDc6c3BfYXRmOjMwMDI4NTY2MjQyOTkzMjo6MDo6&url=%2FFastrack-Limitless-Watchfaces-Assistant-Smartwatch%2Fdp%2FB0D9629NJQ%2Fref%3Dsr_1_1_sspa%3Fadgrpid%3D1318316051706421%26dib%3DeyJ2IjoiMSJ9.8CJjTbwayzjF8vluRgIWzay0MZaaQK1-jMTMU0qeQVp2k82YkCNMS9LLWmkya0v1eHAxgcqzDQqsA-9zesS3lf9P0Lw7o_wtfz7p2WQ4kEMrYNh9veWzZKYN4y9NAX2gDBIRq9IcYOJQbpi88xpMTifsU2k4DzE2G54qSd31ezKNlvZHdVToZopHh3iLScj1XbUM61j8iBrifUxxn8Y7vhDH0zmsXNT-iYbxTBcgUWJQR8cWAm2qYVv-Kv040hUylBDBDalxP_wfo9Fds2WwPDtK11d8LWqPcsXpCs7VYIg.bUtwR8yfHdSMJQ9_kTusS8eemOwYIpQb5laXGrDfKzg%26dib_tag%3Dse%26hvadid%3D82395012031610%26hvbmt%3Dbe%26hvdev%3Dc%26hvlocphy%3D155364%26hvnetw%3Do%26hvqmt%3De%26hvtargid%3Dkwd-82395638122991%253Aloc-90%26hydadcr%3D5579_2190757%26keywords%3Dwatch%2527%26msclkid%3Df0cb4b0062dc141d5ec82c48e23694a2%26qid%3D1732804847%26sr%3D8-1-spons%26sp_csd%3Dd2lkZ2V0TmFtZT1zcF9hdGY%26psc%3D1,1199.0
2024-10-21 20:23:57.527652,https://www.amazon.in/sspa/click?ie=UTF8&spc=MTo1MTQzNTU5NTYyNDYzMzcxOjE3MzI4MDQ4NDc6c3BfYXRmOjMwMDI4NTY2MjQyOTkzMjo6MDo6&url=%2FFastrack-Limitless-Watchfaces-Assistant-Smartwatch%2Fdp%2FB0D9629NJQ%2Fref%3Dsr_1_1_sspa%3Fadgrpid%3D1318316051706421%26dib%3DeyJ2IjoiMSJ9.8CJjTbwayzjF8vluRgIWzay0MZaaQK1-jMTMU0qeQVp2k82YkCNMS9LLWmkya0v1eHAxgcqzDQqsA-9zesS3lf9P0Lw7o_wtfz7p2WQ4kEMrYNh9veWzZKYN4y9NAX2gDBIRq9IcYOJQbpi88xpMTifsU2k4DzE2G54qSd31ezKNlvZHdVToZopHh3iLScj1XbUM61j8iBrifUxxn8Y7vhDH0zmsXNT-iYbxTBcgUWJQR8cWAm2qYVv-Kv040hUylBDBDalxP_wfo9Fds2WwPDtK11d8LWqPcsXpCs7VYIg.bUtwR8yfHdSMJQ9_kTusS8eemOwYIpQb5laXGrDfKzg%26dib_tag%3Dse%26hvadid%3D82395012031610%26hvbmt%3Dbe%26hvdev%3Dc%26hvlocphy%3D155364%26hvnetw%3Do%26hvqmt%3De%26hvtargid%3Dkwd-82395638122991%253Aloc-90%26hydadcr%3D5579_2190757%26keywords%3Dwatch%2527%26msclkid%3Df0cb4b0062dc141d5ec82c48e23694a2%26qid%3D1732804847%26sr%3D8-1-spons%26sp_csd%3Dd2lkZ2V0TmFtZT1zcF9hdGY%26psc%3D1,1999.0
2024-10-23 20:23:57.527652,https://www.amazon.in/sspa/click?ie=UTF8&spc=MTo1MTQzNTU5NTYyNDYzMzcxOjE3MzI4MDQ4NDc6c3BfYXRmOjMwMDI4NTY2MjQyOTkzMjo6MDo6&url=%2FFastrack-Limitless-Watchfaces-Assistant-Smartwatch%2Fdp%2FB0D9629NJQ%2Fref%3Dsr_1_1_sspa%3Fadgrpid%3D1318316051706421%26dib%3DeyJ2IjoiMSJ9.8CJjTbwayzjF8vluRgIWzay0MZaaQK1-jMTMU0qeQVp2k82YkCNMS9LLWmkya0v1eHAxgcqzDQqsA-9zesS3lf9P0Lw7o_wtfz7p2WQ4kEMrYNh9veWzZKYN4y9NAX2gDBIRq9IcYOJQbpi88xpMTifsU2k4DzE2G54qSd31ezKNlvZHdVToZopHh3iLScj1XbUM61j8iBrifUxxn8Y7vhDH0zmsXNT-iYbxTBcgUWJQR8cWAm2qYVv-Kv040hUylBDBDalxP_wfo9Fds2WwPDtK11d8LWqPcsXpCs7VYIg.bUtwR8yfHdSMJQ9_kTusS8eemOwYIpQb5laXGrDfKzg%26dib_tag%3Dse%26hvadid%3D82395012031610%26hvbmt%3Dbe%26hvdev%3Dc%26hvlocphy%3D155364%26hvnetw%3Do%26hvqmt%3De%26hvtargid%3Dkwd-82395638122991%253Aloc-90%26hydadcr%3D5579_2190757%26keywords%3Dwatch%2527%26msclkid%3Df0cb4b0062dc141d5ec82c48e23694a2%26qid%3D1732804847%26sr%3D8-1-spons%26sp_csd%3Dd2lkZ2V0TmFtZT1zcF9hdGY%26psc%3D1,1299.0
2024-10-30 20:23:57.527652,https://www.amazon.in/sspa/click?ie=UTF8&spc=MTo1MTQzNTU5NTYyNDYzMzcxOjE3MzI4MDQ4NDc6c3BfYXRmOjMwMDI4NTY2MjQyOTkzMjo6MDo6&url=%2FFastrack-Limitless-Watchfaces-Assistant-Smartwatch%2Fdp%2FB0D9629NJQ%2Fref%3Dsr_1_1_sspa%3Fadgrpid%3D1318316051706421%26dib%3DeyJ2IjoiMSJ9.8CJjTbwayzjF8vluRgIWzay0MZaaQK1-jMTMU0qeQVp2k82YkCNMS9LLWmkya0v1eHAxgcqzDQqsA-9zesS3lf9P0Lw7o_wtfz7p2WQ4kEMrYNh9veWzZKYN4y9NAX2gDBIRq9IcYOJQbpi88xpMTifsU2k4DzE2G54qSd31ezKNlvZHdVToZopHh3iLScj1XbUM61j8iBrifUxxn8Y7vhDH0zmsXNT-iYbxTBcgUWJQR8cWAm2qYVv-Kv040hUylBDBDalxP_wfo9Fds2WwPDtK11d8LWqPcsXpCs7VYIg.bUtwR8yfHdSMJQ9_kTusS8eemOwYIpQb5laXGrDfKzg%26dib_tag%3Dse%26hvadid%3D82395012031610%26hvbmt%3Dbe%26hvdev%3Dc%26hvlocphy%3D155364%26hvnetw%3Do%26hvqmt%3De%26hvtargid%3Dkwd-82395638122991%253Aloc-90%26hydadcr%3D5579_2190757%26keywords%3Dwatch%2527%26msclkid%3Df0cb4b0062dc141d5ec82c48e23694a2%26qid%3D1732804847%26sr%3D8-1-spons%26sp_csd%3Dd2lkZ2V0TmFtZT1zcF9hdGY%26psc%3D1,1299.0
2024-10-31 20:23:57.527652,https://www.amazon.in/sspa/click?ie=UTF8&spc=MTo1MTQzNTU5NTYyNDYzMzcxOjE3MzI4MDQ4NDc6c3BfYXRmOjMwMDI4NTY2MjQyOTkzMjo6MDo6&url=%2FFastrack-Limitless-Watchfaces-Assistant-Smartwatch%2Fdp%2FB0D9629NJQ%2Fref%3Dsr_1_1_sspa%3Fadgrpid%3D1318316051706421%26dib%3DeyJ2IjoiMSJ9.8CJjTbwayzjF8vluRgIWzay0MZaaQK1-jMTMU0qeQVp2k82YkCNMS9LLWmkya0v1eHAxgcqzDQqsA-9zesS3lf9P0Lw7o_wtfz7p2WQ4kEMrYNh9veWzZKYN4y9NAX2gDBIRq9IcYOJQbpi88xpMTifsU2k4DzE2G54qSd31ezKNlvZHdVToZopHh3iLScj1XbUM61j8iBrifUxxn8Y7vhDH0zmsXNT-iYbxTBcgUWJQR8cWAm2qYVv-Kv040hUylBDBDalxP_wfo9Fds2WwPDtK11d8LWqPcsXpCs7VYIg.bUtwR8yfHdSMJQ9_kTusS8eemOwYIpQb5laXGrDfKzg%26dib_tag%3Dse%26hvadid%3D82395012031610%26hvbmt%3Dbe%26hvdev%3Dc%26hvlocphy%3D155364%26hvnetw%3Do%26hvqmt%3De%26hvtargid%3Dkwd-82395638122991%253Aloc-90%26hydadcr%3D5579_2190757%26keywords%3Dwatch%2527%26msclkid%3Df0cb4b0062dc141d5ec82c48e23694a2%26qid%3D1732804847%26sr%3D8-1-spons%26sp_csd%3Dd2lkZ2V0TmFtZT1zcF9hdGY%26psc%3D1,1944.0
2024-11-01 20:23:57.527652,https://www.amazon.in/sspa/click?ie=UTF8&spc=MTo1MTQzNTU5NTYyNDYzMzcxOjE3MzI4MDQ4NDc6c3BfYXRmOjMwMDI4NTY2MjQyOTkzMjo6MDo6&url=%2FFastrack-Limitless-Watchfaces-Assistant-Smartwatch%2Fdp%2FB0D9629NJQ%2Fref%3Dsr_1_1_sspa%3Fadgrpid%3D1318316051706421%26dib%3DeyJ2IjoiMSJ9.8CJjTbwayzjF8vluRgIWzay0MZaaQK1-jMTMU0qeQVp2k82YkCNMS9LLWmkya0v1eHAxgcqzDQqsA-9zesS3lf9P0Lw7o_wtfz7p2WQ4kEMrYNh9veWzZKYN4y9NAX2gDBIRq9IcYOJQbpi88xpMTifsU2k4DzE2G54qSd31ezKNlvZHdVToZopHh3iLScj1XbUM61j8iBrifUxxn8Y7vhDH0zmsXNT-iYbxTBcgUWJQR8cWAm2qYVv-Kv040hUylBDBDalxP_wfo9Fds2WwPDtK11d8LWqPcsXpCs7VYIg.bUtwR8yfHdSMJQ9_kTusS8eemOwYIpQb5laXGrDfKzg%26dib_tag%3Dse%26hvadid%3D82395012031610%26hvbmt%3Dbe%26hvdev%3Dc%26hvlocphy%3D155364%26hvnetw%3Do%26hvqmt%3De%26hvtargid%3Dkwd-82395638122991%253Aloc-90%26hydadcr%3D5579_2190757%26keywords%3Dwatch%2527%26msclkid%3Df0cb4b0062dc141d5ec82c48e23694a2%26qid%3D1732804847%26sr%3D8-1-spons%26sp_csd%3Dd2lkZ2V0TmFtZT1zcF9hdGY%26psc%3D1,1299.0
2024-11-08 20:23:57.527652,https://www.amazon.in/sspa/click?ie=UTF8&spc=MTo1MTQzNTU5NTYyNDYzMzcxOjE3MzI4MDQ4NDc6c3BfYXRmOjMwMDI4NTY2MjQyOTkzMjo6MDo6&url=%2FFastrack-Limitless-Watchfaces-Assistant-Smartwatch%2Fdp%2FB0D9629NJQ%2Fref%3Dsr_1_1_sspa%3Fadgrpid%3D1318316051706421%26dib%3DeyJ2IjoiMSJ9.8CJjTbwayzjF8vluRgIWzay0MZaaQK1-jMTMU0qeQVp2k82YkCNMS9LLWmkya0v1eHAxgcqzDQqsA-9zesS3lf9P0Lw7o_wtfz7p2WQ4kEMrYNh9veWzZKYN4y9NAX2gDBIRq9IcYOJQbpi88xpMTifsU2k4DzE2G54qSd31ezKNlvZHdVToZopHh3iLScj1XbUM61j8iBrifUxxn8Y7vhDH0zmsXNT-iYbxTBcgUWJQR8cWAm2qYVv-Kv040hUylBDBDalxP_wfo9Fds2WwPDtK11d8LWqPcsXpCs7VYIg.bUtwR8yfHdSMJQ9_kTusS8eemOwYIpQb5laXGrDfKzg%26dib_tag%3Dse%26hvadid%3D82395012031610%26hvbmt%3Dbe%26hvdev%3Dc%26hvlocphy%3D155364%26hvnetw%3Do%26hvqmt%3De%26hvtargid%3Dkwd-82395638122991%253Aloc-90%26hydadcr%3D5579_2190757%26keywords%3Dwatch%2527%26msclkid%3Df0cb4b0062dc141d5ec82c48e23694a2%26qid%3D1732804847%26sr%3D8-1-spons%26sp_csd%3Dd2lkZ2V0TmFtZT1zcF9hdGY%26psc%3D1,1499.0
2024-11-13 20:23:57.527652,https://www.amazon.in/sspa/click?ie=UTF8&spc=MTo1MTQzNTU5NTYyNDYzMzcxOjE3MzI4MDQ4NDc6c3BfYXRmOjMwMDI4NTY2MjQyOTkzMjo6MDo6&url=%2FFastrack-Limitless-Watchfaces-Assistant-Smartwatch%2Fdp%2FB0D9629NJQ%2Fref%3Dsr_1_1_sspa%3Fadgrpid%3D1318316051706421%26dib%3DeyJ2IjoiMSJ9.8CJjTbwayzjF8vluRgIWzay0MZaaQK1-jMTMU0qeQVp2k82YkCNMS9LLWmkya0v1eHAxgcqzDQqsA-9zesS3lf9P0Lw7o_wtfz7p2WQ4kEMrYNh9veWzZKYN4y9NAX2gDBIRq9IcYOJQbpi88xpMTifsU2k4DzE2G54qSd31ezKNlvZHdVToZopHh3iLScj1XbUM61j8iBrifUxxn8Y7vhDH0zmsXNT-iYbxTBcgUWJQR8cWAm2qYVv-Kv040hUylBDBDalxP_wfo9Fds2WwPDtK11d8LWqPcsXpCs7VYIg.bUtwR8yfHdSMJQ9_kTusS8eemOwYIpQb5laXGrDfKzg%26dib_tag%3Dse%26hvadid%3D82395012031610%26hvbmt%3Dbe%26hvdev%3Dc%26hvlocphy%3D155364%26hvnetw%3Do%26hvqmt%3De%26hvtargid%3Dkwd-82395638122991%253Aloc-90%26hydadcr%3D5579_2190757%26keywords%3Dwatch%2527%26msclkid%3Df0cb4b0062dc141d5ec82c48e23694a2%26qid%3D1732804847%26sr%3D8-1-spons%26sp_csd%3Dd2lkZ2V0TmFtZT1zcF9hdGY%26psc%3D1,1270.0
2024-11-15 20:23:57.527652,https://www.amazon.in/sspa/click?ie=UTF8&spc=MTo1MTQzNTU5NTYyNDYzMzcxOjE3MzI4MDQ4NDc6c3BfYXRmOjMwMDI4NTY2MjQyOTkzMjo6MDo6&url=%2FFastrack-Limitless-Watchfaces-Assistant-Smartwatch%2Fdp%2FB0D9629NJQ%2Fref%3Dsr_1_1_sspa%3Fadgrpid%3D1318316051706421%26dib%3DeyJ2IjoiMSJ9.8CJjTbwayzjF8vluRgIWzay0MZaaQK1-jMTMU0qeQVp2k82YkCNMS9LLWmkya0v1eHAxgcqzDQqsA-9zesS3lf9P0Lw7o_wtfz7p2WQ4kEMrYNh9veWzZKYN4y9NAX2gDBIRq9IcYOJQbpi88xpMTifsU2k4DzE2G54qSd31ezKNlvZHdVToZopHh3iLScj1XbUM61j8iBrifUxxn8Y7vhDH0zmsXNT-iYbxTBcgUWJQR8cWAm2qYVv-Kv040hUylBDBDalxP_wfo9Fds2WwPDtK11d8LWqPcsXpCs7VYIg.bUtwR8yfHdSMJQ9_kTusS8eemOwYIpQb5laXGrDfKzg%26dib_tag%3Dse%26hvadid%3D82395012031610%26hvbmt%3Dbe%26hvdev%3Dc%26hvlocphy%3D155364%26hvnetw%3Do%26hvqmt%3De%26hvtargid%3Dkwd-82395638122991%253Aloc-90%26hydadcr%3D5579_2190757%26keywords%3Dwatch%2527%26msclkid%3Df0cb4b0062dc141d5ec82c48e23694a2%26qid%3D1732804847%26sr%3D8-1-spons%26sp_csd%3Dd2lkZ2V0TmFtZT1zcF9hdGY%26psc%3D1,1299.0
2024-04-29 07:22:35.697262,https://www.amazon.in/Kadence-Acoustica-Auditorium-Acoustic-Learning/dp/B0DJ35MC78/ref=sr_1_1_sspa?crid=28S6XWQOZV2FF&dib=eyJ2IjoiMSJ9.crxhhcuVe8Gag3-0mnCXJiOSSKJki5hOYLJU7nup4DUXPldTpT50Q0u6mPCfSg5fEp5kGrjqpOFvlRaS2_O0ABctvxW_1wVXnXwa2etPI2OQRTc6pOZvRzJJ7E-JSWr_10Hq-SxUZjWtyEYCnx8HvRzMa74QTU5tdnPx_c8jWk-PBLFs_MDd4YlD4L2FRuvWJYGbJ0CCDV-nSK-Gw67yKonsJDSr3lWg_NH4somXkEuAwt6UAHdqSGVF6QpuauAR7s1n_S10W13B-vPNI0tkGnuduZHFkIlG_l9JxaWMFtY.iu5ZIWufaFCMJvXNsokSHPkWuT7ApWn4rp5k3i2PohA&dib_tag=se&keywords=guitar&qid=1732803365&sprefix=%2Caps%2C400&sr=8-1-spons&sp_csd=d2lkZ2V0TmFtZT1zcF9hdGY&th=1,11999.0
2024-11-29 07:25:07.860366,https://www.amazon.in/sspa/click?ie=UTF8&spc=MTozNDEzNjMyOTg0NzA1MTUxOjE3MzI4MDMzNjU6c3BfYXRmOjMwMDM4OTcyNDk1MTUzMjo6MDo6&url=%2FKadence-Acoustica-Auditorium-Acoustic-Learning%2Fdp%2FB0DJ35MC78%2Fref%3Dsr_1_1_sspa%3Fcrid%3D28S6XWQOZV2FF%26dib%3DeyJ2IjoiMSJ9.crxhhcuVe8Gag3-0mnCXJiOSSKJki5hOYLJU7nup4DUXPldTpT50Q0u6mPCfSg5fEp5kGrjqpOFvlRaS2_O0ABctvxW_1wVXnXwa2etPI2OQRTc6pOZvRzJJ7E-JSWr_10Hq-SxUZjWtyEYCnx8HvRzMa74QTU5tdnPx_c8jWk-PBLFs_MDd4YlD4L2FRuvWJYGbJ0CCDV-nSK-Gw67yKonsJDSr3lWg_NH4somXkEuAwt6UAHdqSGVF6QpuauAR7s1n_S10W13B-vPNI0tkGnuduZHFkIlG_l9JxaWMFtY.iu5ZIWufaFCMJvXNsokSHPkWuT7ApWn4rp5k3i2PohA%26dib_tag%3Dse%26keywords%3Dguitar%26qid%3D1732803365%26sprefix%3D%252Caps%252C400%26sr%3D8-1-spons%26sp_csd%3Dd2lkZ2V0TmFtZT1zcF9hdGY%26psc%3D1,6999.0
2024-05-11 07:22:35.697262,https://www.amazon.in/Kadence-Acoustica-Auditorium-Acoustic-Learning/dp/B0DJ35MC78/ref=sr_1_1_sspa?crid=28S6XWQOZV2FF&dib=eyJ2IjoiMSJ9.crxhhcuVe8Gag3-0mnCXJiOSSKJki5hOYLJU7nup4DUXPldTpT50Q0u6mPCfSg5fEp5kGrjqpOFvlRaS2_O0ABctvxW_1wVXnXwa2etPI2OQRTc6pOZvRzJJ7E-JSWr_10Hq-SxUZjWtyEYCnx8HvRzMa74QTU5tdnPx_c8jWk-PBLFs_MDd4YlD4L2FRuvWJYGbJ0CCDV-nSK-Gw67yKonsJDSr3lWg_NH4somXkEuAwt6UAHdqSGVF6QpuauAR7s1n_S10W13B-vPNI0tkGnuduZHFkIlG_l9JxaWMFtY.iu5ZIWufaFCMJvXNsokSHPkWuT7ApWn4rp5k3i2PohA&dib_tag=se&keywords=guitar&qid=1732803365&sprefix=%2Caps%2C400&sr=8-1-spons&sp_csd=d2lkZ2V0TmFtZT1zcF9hdGY&th=1,9999.0
2024-05-31 07:22:35.697262,https://www.amazon.in/Kadence-Acoustica-Auditorium-Acoustic-Learning/dp/B0DJ35MC78/ref=sr_1_1_sspa?crid=28S6XWQOZV2FF&dib=eyJ2IjoiMSJ9.crxhhcuVe8Gag3-0mnCXJiOSSKJki5hOYLJU7nup4DUXPldTpT50Q0u6mPCfSg5fEp5kGrjqpOFvlRaS2_O0ABctvxW_1wVXnXwa2etPI2OQRTc6pOZvRzJJ7E-JSWr_10Hq-SxUZjWtyEYCnx8HvRzMa74QTU5tdnPx_c8jWk-PBLFs_MDd4YlD4L2FRuvWJYGbJ0CCDV-nSK-Gw67yKonsJDSr3lWg_NH4somXkEuAwt6UAHdqSGVF6QpuauAR7s1n_S10W13B-vPNI0tkGnuduZHFkIlG_l9JxaWMFtY.iu5ZIWufaFCMJvXNsokSHPkWuT7ApWn4rp5k3i2PohA&dib_tag=se&keywords=guitar&qid=1732803365&sprefix=%2Caps%2C400&sr=8-1-spons&sp_csd=d2lkZ2V0TmFtZT1zcF9hdGY&th=1,5999.0
2024-06-27 07:22:35.697262,https://www.amazon.in/Kadence-Acoustica-Auditorium-Acoustic-Learning/dp/B0DJ35MC78/ref=sr_1_1_sspa?crid=28S6XWQOZV2FF&dib=eyJ2IjoiMSJ9.crxhhcuVe8Gag3-0mnCXJiOSSKJki5hOYLJU7nup4DUXPldTpT50Q0u6mPCfSg5fEp5kGrjqpOFvlRaS2_O0ABctvxW_1wVXnXwa2etPI2OQRTc6pOZvRzJJ7E-JSWr_10Hq-SxUZjWtyEYCnx8HvRzMa74QTU5tdnPx_c8jWk-PBLFs_MDd4YlD4L2FRuvWJYGbJ0CCDV-nSK-Gw67yKonsJDSr3lWg_NH4somXkEuAwt6UAHdqSGVF6QpuauAR7s1n_S10W13B-vPNI0tkGnuduZHFkIlG_l9JxaWMFtY.iu5ZIWufaFCMJvXNsokSHPkWuT7ApWn4rp5k3i2PohA&dib_tag=se&keywords=guitar&qid=1732803365&sprefix=%2Caps%2C400&sr=8-1-spons&sp_csd=d2lkZ2V0TmFtZT1zcF9hdGY&th=1,6099.0
2024-07-17 07:22:35.697262,https://www.amazon.in/Kadence-Acoustica-Auditorium-Acoustic-Learning/dp/B0DJ35MC78/ref=sr_1_1_sspa?crid=28S6XWQOZV2FF&dib=eyJ2IjoiMSJ9.crxhhcuVe8Gag3-0mnCXJiOSSKJki5hOYLJU7nup4DUXPldTpT50Q0u6mPCfSg5fEp5kGrjqpOFvlRaS2_O0ABctvxW_1wVXnXwa2etPI2OQRTc6pOZvRzJJ7E-JSWr_10Hq-SxUZjWtyEYCnx8HvRzMa74QTU5tdnPx_c8jWk-PBLFs_MDd4YlD4L2FRuvWJYGbJ0CCDV-nSK-Gw67yKonsJDSr3lWg_NH4somXkEuAwt6UAHdqSGVF6QpuauAR7s1n_S10W13B-vPNI0tkGnuduZHFkIlG_l9JxaWMFtY.iu5ZIWufaFCMJvXNsokSHPkWuT7ApWn4rp5k3i2PohA&dib_tag=se&keywords=guitar&qid=1732803365&sprefix=%2Caps%2C400&sr=8-1-spons&sp_csd=d2lkZ2V0TmFtZT1zcF9hdGY&th=1,6999.0
2024-10-12 07:22:35.697262,https://www.amazon.in/Kadence-Acoustica-Auditorium-Acoustic-Learning/dp/B0DJ35MC78/ref=sr_1_1_sspa?crid=28S6XWQOZV2FF&dib=eyJ2IjoiMSJ9.crxhhcuVe8Gag3-0mnCXJiOSSKJki5hOYLJU7nup4DUXPldTpT50Q0u6mPCfSg5fEp5kGrjqpOFvlRaS2_O0ABctvxW_1wVXnXwa2etPI2OQRTc6pOZvRzJJ7E-JSWr_10Hq-SxUZjWtyEYCnx8HvRzMa74QTU5tdnPx_c8jWk-PBLFs_MDd4YlD4L2FRuvWJYGbJ0CCDV-nSK-Gw67yKonsJDSr3lWg_NH4somXkEuAwt6UAHdqSGVF6QpuauAR7s1n_S10W13B-vPNI0tkGnuduZHFkIlG_l9JxaWMFtY.iu5ZIWufaFCMJvXNsokSHPkWuT7ApWn4rp5k3i2PohA&dib_tag=se&keywords=guitar&qid=1732803365&sprefix=%2Caps%2C400&sr=8-1-spons&sp_csd=d2lkZ2V0TmFtZT1zcF9hdGY&th=1,11099.0
2024-11-17 07:22:35.697262,https://www.amazon.in/Kadence-Acoustica-Auditorium-Acoustic-Learning/dp/B0DJ35MC78/ref=sr_1_1_sspa?crid=28S6XWQOZV2FF&dib=eyJ2IjoiMSJ9.crxhhcuVe8Gag3-0mnCXJiOSSKJki5hOYLJU7nup4DUXPldTpT50Q0u6mPCfSg5fEp5kGrjqpOFvlRaS2_O0ABctvxW_1wVXnXwa2etPI2OQRTc6pOZvRzJJ7E-JSWr_10Hq-SxUZjWtyEYCnx8HvRzMa74QTU5tdnPx_c8jWk-PBLFs_MDd4YlD4L2FRuvWJYGbJ0CCDV-nSK-Gw67yKonsJDSr3lWg_NH4somXkEuAwt6UAHdqSGVF6QpuauAR7s1n_S10W13B-vPNI0tkGnuduZHFkIlG_l9JxaWMFtY.iu5ZIWufaFCMJvXNsokSHPkWuT7ApWn4rp5k3i2PohA&dib_tag=se&keywords=guitar&qid=1732803365&sprefix=%2Caps%2C400&sr=8-1-spons&sp_csd=d2lkZ2V0TmFtZT1zcF9hdGY&th=1,10999.0
2024-11-28 07:22:35.697262,https://www.amazon.in/Kadence-Acoustica-Auditorium-Acoustic-Learning/dp/B0DJ35MC78/ref=sr_1_1_sspa?crid=28S6XWQOZV2FF&dib=eyJ2IjoiMSJ9.crxhhcuVe8Gag3-0mnCXJiOSSKJki5hOYLJU7nup4DUXPldTpT50Q0u6mPCfSg5fEp5kGrjqpOFvlRaS2_O0ABctvxW_1wVXnXwa2etPI2OQRTc6pOZvRzJJ7E-JSWr_10Hq-SxUZjWtyEYCnx8HvRzMa74QTU5tdnPx_c8jWk-PBLFs_MDd4YlD4L2FRuvWJYGbJ0CCDV-nSK-Gw67yKonsJDSr3lWg_NH4somXkEuAwt6UAHdqSGVF6QpuauAR7s1n_S10W13B-vPNI0tkGnuduZHFkIlG_l9JxaWMFtY.iu5ZIWufaFCMJvXNsokSHPkWuT7ApWn4rp5k3i2PohA&dib_tag=se&keywords=guitar&qid=1732803365&sprefix=%2Caps%2C400&sr=8-1-spons&sp_csd=d2lkZ2V0TmFtZT1zcF9hdGY&th=1,10199.0
2024-04-12 11:31:54.081860,https://www.amazon.in/sspa/click?ie=UTF8&spc=MTo0MTgxOTUxMjc3NjY4NTYyOjE3MzI4NjAwNjE6c3BfYXRmOjMwMDM0NzMyODk1NzkzMjo6MDo6&url=%2FFastrack-Smartwatch-Experience-Functional-Singlesync%2Fdp%2FB0DB5XSKLJ%2Fref%3Dsr_1_2_sspa%3Fcrid%3DP0KR1KD48VA0%26dib%3DeyJ2IjoiMSJ9.jzzA9oP9RG1tFAaEq9CWnbLTaitoGbfhwEnylcv5fN08g15Kuh0XRRLb7kuopmdp13LBBG-BmAVBZAZ2b5e0EeHGA2IPbt1KZXbph-71QTavcpc3fPg_RVxygsYgMsQ7BKyuKFJhZMecME4u_13RA9lnliujp_ip-qcYpexBhTrWvM1KqIaizstBleGzJayUqvYZb5SAUdB0WdhrNLF8kiG7lJ3g4EEN6vMzTL3794kR5izmA6hcoF1t-TLBymylLjNAVmgGT4zsmxg4yN4Pzyp0UN6xU1M-eZhp_dQDoso.9RjGWB7XdkOBZpTh5ccFTdUkcNUYk7YOfTEdL11-kjE%26dib_tag%3Dse%26keywords%3Dwatch%26qid%3D1732860061%26sprefix%3Dwatch%252Caps%252C470%26sr%3D8-2-spons%26sp_csd%3Dd2lkZ2V0TmFtZT1zcF9hdGY%26psc%3D1,4099.0
2024-05-20 11:31:54.081860,https://www.amazon.in/sspa/click?ie=UTF8&spc=MTo0MTgxOTUxMjc3NjY4NTYyOjE3MzI4NjAwNjE6c3BfYXRmOjMwMDM0NzMyODk1NzkzMjo6MDo6&url=%2FFastrack-Smartwatch-Experience-Functional-Singlesync%2Fdp%2FB0DB5XSKLJ%2Fref%3Dsr_1_2_sspa%3Fcrid%3DP0KR1KD48VA0%26dib%3DeyJ2IjoiMSJ9.jzzA9oP9RG1tFAaEq9CWnbLTaitoGbfhwEnylcv5fN08g15Kuh0XRRLb7kuopmdp13LBBG-BmAVBZAZ2b5e0EeHGA2IPbt1KZXbph-71QTavcpc3fPg_RVxygsYgMsQ7BKyuKFJhZMecME4u_13RA9lnliujp_ip-qcYpexBhTrWvM1KqIaizstBleGzJayUqvYZb5SAUdB0WdhrNLF8kiG7lJ3g4EEN6vMzTL3794kR5izmA6hcoF1t-TLBymylLjNAVmgGT4zsmxg4yN4Pzyp0UN6xU1M-eZhp_dQDoso.9RjGWB7XdkOBZpTh5ccFTdUkcNUYk7YOfTEdL11-kjE%26dib_tag%3Dse%26keywords%3Dwatch%26qid%3D1732860061%26sprefix%3Dwatch%252Caps%252C470%26sr%3D8-2-spons%26sp_csd%3Dd2lkZ2V0TmFtZT1zcF9hdGY%26psc%3D1,4399.0
2024-06-29 11:31:54.081860,https://www.amazon.in/sspa/click?ie=UTF8&spc=MTo0MTgxOTUxMjc3NjY4NTYyOjE3MzI4NjAwNjE6c3BfYXRmOjMwMDM0NzMyODk1NzkzMjo6MDo6&url=%2FFastrack-Smartwatch-Experience-Functional-Singlesync%2Fdp%2FB0DB5XSKLJ%2Fref%3Dsr_1_2_sspa%3Fcrid%3DP0KR1KD48VA0%26dib%3DeyJ2IjoiMSJ9.jzzA9oP9RG1tFAaEq9CWnbLTaitoGbfhwEnylcv5fN08g15Kuh0XRRLb7kuopmdp13LBBG-BmAVBZAZ2b5e0EeHGA2IPbt1KZXbph-71QTavcpc3fPg_RVxygsYgMsQ7BKyuKFJhZMecME4u_13RA9lnliujp_ip-qcYpexBhTrWvM1KqIaizstBleGzJayUqvYZb5SAUdB0WdhrNLF8kiG7lJ3g4EEN6vMzTL3794kR5izmA6hcoF1t-TLBymylLjNAVmgGT4zsmxg4yN4Pzyp0UN6xU1M-eZhp_dQDoso.9RjGWB7XdkOBZpTh5ccFTdUkcNUYk7YOfTEdL11-kjE%26dib_tag%3Dse%26keywords%3Dwatch%26qid%3D1732860061%26sprefix%3Dwatch%252Caps%252C470%26sr%3D8-2-spons%26sp_csd%3Dd2lkZ2V0TmFtZT1zcF9hdGY%26psc%3D1,3099.0
2024-07-11 11:31:54.081860,https://www.amazon.in/sspa/click?ie=UTF8&spc=MTo0MTgxOTUxMjc3NjY4NTYyOjE3MzI4NjAwNjE6c3BfYXRmOjMwMDM0NzMyODk1NzkzMjo6MDo6&url=%2FFastrack-Smartwatch-Experience-Functional-Singlesync%2Fdp%2FB0DB5XSKLJ%2Fref%3Dsr_1_2_sspa%3Fcrid%3DP0KR1KD48VA0%26dib%3DeyJ2IjoiMSJ9.jzzA9oP9RG1tFAaEq9CWnbLTaitoGbfhwEnylcv5fN08g15Kuh0XRRLb7kuopmdp13LBBG-BmAVBZAZ2b5e0EeHGA2IPbt1KZXbph-71QTavcpc3fPg_RVxygsYgMsQ7BKyuKFJhZMecME4u_13RA9lnliujp_ip-qcYpexBhTrWvM1KqIaizstBleGzJayUqvYZb5SAUdB0WdhrNLF8kiG7lJ3g4EEN6vMzTL3794kR5izmA6hcoF1t-TLBymylLjNAVmgGT4zsmxg4yN4Pzyp0UN6xU1M-eZhp_dQDoso.9RjGWB7XdkOBZpTh5ccFTdUkcNUYk7YOfTEdL11-kjE%26dib_tag%3Dse%26keywords%3Dwatch%26qid%3D1732860061%26sprefix%3Dwatch%252Caps%252C470%26sr%3D8-2-spons%26sp_csd%3Dd2lkZ2V0TmFtZT1zcF9hdGY%26psc%3D1,2099.0
2024-09-20 11:31:54.081860,https://www.amazon.in/sspa/click?ie=UTF8&spc=MTo0MTgxOTUxMjc3NjY4NTYyOjE3MzI4NjAwNjE6c3BfYXRmOjMwMDM0NzMyODk1NzkzMjo6MDo6&url=%2FFastrack-Smartwatch-Experience-Functional-Singlesync%2Fdp%2FB0DB5XSKLJ%2Fref%3Dsr_1_2_sspa%3Fcrid%3DP0KR1KD48VA0%26dib%3DeyJ2IjoiMSJ9.jzzA9oP9RG1tFAaEq9CWnbLTaitoGbfhwEnylcv5fN08g15Kuh0XRRLb7kuopmdp13LBBG-BmAVBZAZ2b5e0EeHGA2IPbt1KZXbph-71QTavcpc3fPg_RVxygsYgMsQ7BKyuKFJhZMecME4u_13RA9lnliujp_ip-qcYpexBhTrWvM1KqIaizstBleGzJayUqvYZb5SAUdB0WdhrNLF8kiG7lJ3g4EEN6vMzTL3794kR5izmA6hcoF1t-TLBymylLjNAVmgGT4zsmxg4yN4Pzyp0UN6xU1M-eZhp_dQDoso.9RjGWB7XdkOBZpTh5ccFTdUkcNUYk7YOfTEdL11-kjE%26dib_tag%3Dse%26keywords%3Dwatch%26qid%3D1732860061%26sprefix%3Dwatch%252Caps%252C470%26sr%3D8-2-spons%26sp_csd%3Dd2lkZ2V0TmFtZT1zcF9hdGY%26psc%3D1,3199.0
2024-10-11 11:31:54.081860,https://www.amazon.in/sspa/click?ie=UTF8&spc=MTo0MTgxOTUxMjc3NjY4NTYyOjE3MzI4NjAwNjE6c3BfYXRmOjMwMDM0NzMyODk1NzkzMjo6MDo6&url=%2FFastrack-Smartwatch-Experience-Functional-Singlesync%2Fdp%2FB0DB5XSKLJ%2Fref%3Dsr_1_2_sspa%3Fcrid%3DP0KR1KD48VA0%26dib%3DeyJ2IjoiMSJ9.jzzA9oP9RG1tFAaEq9CWnbLTaitoGbfhwEnylcv5fN08g15Kuh0XRRLb7kuopmdp13LBBG-BmAVBZAZ2b5e0EeHGA2IPbt1KZXbph-71QTavcpc3fPg_RVxygsYgMsQ7BKyuKFJhZMecME4u_13RA9lnliujp_ip-qcYpexBhTrWvM1KqIaizstBleGzJayUqvYZb5SAUdB0WdhrNLF8kiG7lJ3g4EEN6vMzTL3794kR5izmA6hcoF1t-TLBymylLjNAVmgGT4zsmxg4yN4Pzyp0UN6xU1M-eZhp_dQDoso.9RjGWB7XdkOBZpTh5ccFTdUkcNUYk7YOfTEdL11-kjE%26dib_tag%3Dse%26keywords%3Dwatch%26qid%3D1732860061%26sprefix%3Dwatch%252Caps%252C470%26sr%3D8-2-spons%26sp_csd%3Dd2lkZ2V0TmFtZT1zcF9hdGY%26psc%3D1,2999.0
2024-11-29 11:35:14.000372,https://www.amazon.in/sspa/click?ie=UTF8&spc=MTo0MTgxOTUxMjc3NjY4NTYyOjE3MzI4NjAwNjE6c3BfYXRmOjMwMDM0NzMyODk1NzkzMjo6MDo6&url=%2FFastrack-Smartwatch-Experience-Functional-Singlesync%2Fdp%2FB0DB5XSKLJ%2Fref%3Dsr_1_2_sspa%3Fcrid%3DP0KR1KD48VA0%26dib%3DeyJ2IjoiMSJ9.jzzA9oP9RG1tFAaEq9CWnbLTaitoGbfhwEnylcv5fN08g15Kuh0XRRLb7kuopmdp13LBBG-BmAVBZAZ2b5e0EeHGA2IPbt1KZXbph-71QTavcpc3fPg_RVxygsYgMsQ7BKyuKFJhZMecME4u_13RA9lnliujp_ip-qcYpexBhTrWvM1KqIaizstBleGzJayUqvYZb5SAUdB0WdhrNLF8kiG7lJ3g4EEN6vMzTL3794kR5izmA6hcoF1t-TLBymylLjNAVmgGT4zsmxg4yN4Pzyp0UN6xU1M-eZhp_dQDoso.9RjGWB7XdkOBZpTh5ccFTdUkcNUYk7YOfTEdL11-kjE%26dib_tag%3Dse%26keywords%3Dwatch%26qid%3D1732860061%26sprefix%3Dwatch%252Caps%252C470%26sr%3D8-2-spons%26sp_csd%3Dd2lkZ2V0TmFtZT1zcF9hdGY%26psc%3D1,2099.0
2024-11-29 11:37:20.850607,https://www.amazon.in/sspa/click?ie=UTF8&spc=MTo4ODA3NjEyODcxNDMzNjE4OjE3MzI4NjA0MDU6c3BfYXRmOjMwMDM4OTcyNDk1MTUzMjo6MDo6&url=%2FKadence-Acoustica-Auditorium-Acoustic-Learning%2Fdp%2FB0DJ35MC78%2Fref%3Dsr_1_1_sspa%3Fcrid%3D1L00EMJNLM3QE%26dib%3DeyJ2IjoiMSJ9.crxhhcuVe8Gag3-0mnCXJiOSSKJki5hOYLJU7nup4DWJSt5CeThPiXVECTnCv9nPbG6M6LNlsh7tlY_rH8Kl8ydTmDWO6Xg_XVnvABzO_VdzWCFSdVM1sfHPa06D-5w83-MuOIIPXt_vK_lpzB6Q8xRmPp4iHxBqdMNwkRM0JgpAGfpsNAxV4q_ckQ-po22jtEbpRqq9ZrCkWBWiR-TMyB8PO1SXqdIRlT6vn08hsC1520QLTMsQe0LR8S283ZZhdpOvyNlK_U3rIcOfxdQ4ZF8CPAnTib-BwgF64ZmD8o4.DWdUdl_0xwiX9FbJHRg9lAJG5_seM5O3cO4aIscGQYo%26dib_tag%3Dse%26keywords%3Dguitar%26qid%3D1732860405%26sprefix%3Dguitar%252Caps%252C346%26sr%3D8-1-spons%26sp_csd%3Dd2lkZ2V0TmFtZT1zcF9hdGY%26psc%3D1,6999.0
2024-11-29 11:38:03.415056,https://www.amazon.in/sspa/click?ie=UTF8&spc=MTo4ODA3NjEyODcxNDMzNjE4OjE3MzI4NjA0MDU6c3BfYXRmOjMwMDQxMTUyMTMyNTQzMjo6MDo6&url=%2FKadence-Frontier-Acoustic-Guitar-Strings%2Fdp%2FB01GDZ46AA%2Fref%3Dsr_1_2_sspa%3Fcrid%3D1L00EMJNLM3QE%26dib%3DeyJ2IjoiMSJ9.crxhhcuVe8Gag3-0mnCXJiOSSKJki5hOYLJU7nup4DWJSt5CeThPiXVECTnCv9nPbG6M6LNlsh7tlY_rH8Kl8ydTmDWO6Xg_XVnvABzO_VdzWCFSdVM1sfHPa06D-5w83-MuOIIPXt_vK_lpzB6Q8xRmPp4iHxBqdMNwkRM0JgpAGfpsNAxV4q_ckQ-po22jtEbpRqq9ZrCkWBWiR-TMyB8PO1SXqdIRlT6vn08hsC1520QLTMsQe0LR8S283ZZhdpOvyNlK_U3rIcOfxdQ4ZF8CPAnTib-BwgF64ZmD8o4.DWdUdl_0xwiX9FbJHRg9lAJG5_seM5O3cO4aIscGQYo%26dib_tag%3Dse%26keywords%3Dguitar%26qid%3D1732860405%26sprefix%3Dguitar%252Caps%252C346%26sr%3D8-2-spons%26sp_csd%3Dd2lkZ2V0TmFtZT1zcF9hdGY%26psc%3D1,4250.0
2024-05-20 11:39:26.878150,https://www.amazon.in/sspa/click?ie=UTF8&spc=MTo4ODA3NjEyODcxNDMzNjE4OjE3MzI4NjA0MDU6c3BfYXRmOjMwMDMzMDM1ODgxODkzMjo6MDo6&url=%2FStrydom-Travel-Musical-Companion-Journey%2Fdp%2FB0C5MWRWXY%2Fref%3Dsr_1_3_sspa%3Fcrid%3D1L00EMJNLM3QE%26dib%3DeyJ2IjoiMSJ9.crxhhcuVe8Gag3-0mnCXJiOSSKJki5hOYLJU7nup4DWJSt5CeThPiXVECTnCv9nPbG6M6LNlsh7tlY_rH8Kl8ydTmDWO6Xg_XVnvABzO_VdzWCFSdVM1sfHPa06D-5w83-MuOIIPXt_vK_lpzB6Q8xRmPp4iHxBqdMNwkRM0JgpAGfpsNAxV4q_ckQ-po22jtEbpRqq9ZrCkWBWiR-TMyB8PO1SXqdIRlT6vn08hsC1520QLTMsQe0LR8S283ZZhdpOvyNlK_U3rIcOfxdQ4ZF8CPAnTib-BwgF64ZmD8o4.DWdUdl_0xwiX9FbJHRg9lAJG5_seM5O3cO4aIscGQYo%26dib_tag%3Dse%26keywords%3Dguitar%26qid%3D1732860405%26sprefix%3Dguitar%252Caps%252C346%26sr%3D8-3-spons%26sp_csd%3Dd2lkZ2V0TmFtZT1zcF9hdGY%26psc%3D1,14000.0
2024-06-18 11:39:26.878150,https://www.amazon.in/sspa/click?ie=UTF8&spc=MTo4ODA3NjEyODcxNDMzNjE4OjE3MzI4NjA0MDU6c3BfYXRmOjMwMDMzMDM1ODgxODkzMjo6MDo6&url=%2FStrydom-Travel-Musical-Companion-Journey%2Fdp%2FB0C5MWRWXY%2Fref%3Dsr_1_3_sspa%3Fcrid%3D1L00EMJNLM3QE%26dib%3DeyJ2IjoiMSJ9.crxhhcuVe8Gag3-0mnCXJiOSSKJki5hOYLJU7nup4DWJSt5CeThPiXVECTnCv9nPbG6M6LNlsh7tlY_rH8Kl8ydTmDWO6Xg_XVnvABzO_VdzWCFSdVM1sfHPa06D-5w83-MuOIIPXt_vK_lpzB6Q8xRmPp4iHxBqdMNwkRM0JgpAGfpsNAxV4q_ckQ-po22jtEbpRqq9ZrCkWBWiR-TMyB8PO1SXqdIRlT6vn08hsC1520QLTMsQe0LR8S283ZZhdpOvyNlK_U3rIcOfxdQ4ZF8CPAnTib-BwgF64ZmD8o4.DWdUdl_0xwiX9FbJHRg9lAJG5_seM5O3cO4aIscGQYo%26dib_tag%3Dse%26keywords%3Dguitar%26qid%3D1732860405%26sprefix%3Dguitar%252Caps%252C346%26sr%3D8-3-spons%26sp_csd%3Dd2lkZ2V0TmFtZT1zcF9hdGY%26psc%3D1,13200.0
2024-07-29 11:39:26.878150,https://www.amazon.in/sspa/click?ie=UTF8&spc=MTo4ODA3NjEyODcxNDMzNjE4OjE3MzI4NjA0MDU6c3BfYXRmOjMwMDMzMDM1ODgxODkzMjo6MDo6&url=%2FStrydom-Travel-Musical-Companion-Journey%2Fdp%2FB0C5MWRWXY%2Fref%3Dsr_1_3_sspa%3Fcrid%3D1L00EMJNLM3QE%26dib%3DeyJ2IjoiMSJ9.crxhhcuVe8Gag3-0mnCXJiOSSKJki5hOYLJU7nup4DWJSt5CeThPiXVECTnCv9nPbG6M6LNlsh7tlY_rH8Kl8ydTmDWO6Xg_XVnvABzO_VdzWCFSdVM1sfHPa06D-5w83-MuOIIPXt_vK_lpzB6Q8xRmPp4iHxBqdMNwkRM0JgpAGfpsNAxV4q_ckQ-po22jtEbpRqq9ZrCkWBWiR-TMyB8PO1SXqdIRlT6vn08hsC1520QLTMsQe0LR8S283ZZhdpOvyNlK_U3rIcOfxdQ4ZF8CPAnTib-BwgF64ZmD8o4.DWdUdl_0xwiX9FbJHRg9lAJG5_seM5O3cO4aIscGQYo%26dib_tag%3Dse%26keywords%3Dguitar%26qid%3D1732860405%26sprefix%3Dguitar%252Caps%252C346%26sr%3D8-3-spons%26sp_csd%3Dd2lkZ2V0TmFtZT1zcF9hdGY%26psc%3D1,10200.0
2024-08-08 11:39:26.878150,https://www.amazon.in/sspa/click?ie=UTF8&spc=MTo4ODA3NjEyODcxNDMzNjE4OjE3MzI4NjA0MDU6c3BfYXRmOjMwMDMzMDM1ODgxODkzMjo6MDo6&url=%2FStrydom-Travel-Musical-Companion-Journey%2Fdp%2FB0C5MWRWXY%2Fref%3Dsr_1_3_sspa%3Fcrid%3D1L00EMJNLM3QE%26dib%3DeyJ2IjoiMSJ9.crxhhcuVe8Gag3-0mnCXJiOSSKJki5hOYLJU7nup4DWJSt5CeThPiXVECTnCv9nPbG6M6LNlsh7tlY_rH8Kl8ydTmDWO6Xg_XVnvABzO_VdzWCFSdVM1sfHPa06D-5w83-MuOIIPXt_vK_lpzB6Q8xRmPp4iHxBqdMNwkRM0JgpAGfpsNAxV4q_ckQ-po22jtEbpRqq9ZrCkWBWiR-TMyB8PO1SXqdIRlT6vn08hsC1520QLTMsQe0LR8S283ZZhdpOvyNlK_U3rIcOfxdQ4ZF8CPAnTib-BwgF64ZmD8o4.DWdUdl_0xwiX9FbJHRg9lAJG5_seM5O3cO4aIscGQYo%26dib_tag%3Dse%26keywords%3Dguitar%26qid%3D1732860405%26sprefix%3Dguitar%252Caps%252C346%26sr%3D8-3-spons%26sp_csd%3Dd2lkZ2V0TmFtZT1zcF9hdGY%26psc%3D1,12900.0
2024-08-11 11:39:26.878150,https://www.amazon.in/sspa/click?ie=UTF8&spc=MTo4ODA3NjEyODcxNDMzNjE4OjE3MzI4NjA0MDU6c3BfYXRmOjMwMDMzMDM1ODgxODkzMjo6MDo6&url=%2FStrydom-Travel-Musical-Companion-Journey%2Fdp%2FB0C5MWRWXY%2Fref%3Dsr_1_3_sspa%3Fcrid%3D1L00EMJNLM3QE%26dib%3DeyJ2IjoiMSJ9.crxhhcuVe8Gag3-0mnCXJiOSSKJki5hOYLJU7nup4DWJSt5CeThPiXVECTnCv9nPbG6M6LNlsh7tlY_rH8Kl8ydTmDWO6Xg_XVnvABzO_VdzWCFSdVM1sfHPa06D-5w83-MuOIIPXt_vK_lpzB6Q8xRmPp4iHxBqdMNwkRM0JgpAGfpsNAxV4q_ckQ-po22jtEbpRqq9ZrCkWBWiR-TMyB8PO1SXqdIRlT6vn08hsC1520QLTMsQe0LR8S283ZZhdpOvyNlK_U3rIcOfxdQ4ZF8CPAnTib-BwgF64ZmD8o4.DWdUdl_0xwiX9FbJHRg9lAJG5_seM5O3cO4aIscGQYo%26dib_tag%3Dse%26keywords%3Dguitar%26qid%3D1732860405%26sprefix%3Dguitar%252Caps%252C346%26sr%3D8-3-spons%26sp_csd%3Dd2lkZ2V0TmFtZT1zcF9hdGY%26psc%3D1,12999.0
2024-10-12 11:39:26.878150,https://www.amazon.in/sspa/click?ie=UTF8&spc=MTo4ODA3NjEyODcxNDMzNjE4OjE3MzI4NjA0MDU6c3BfYXRmOjMwMDMzMDM1ODgxODkzMjo6MDo6&url=%2FStrydom-Travel-Musical-Companion-Journey%2Fdp%2FB0C5MWRWXY%2Fref%3Dsr_1_3_sspa%3Fcrid%3D1L00EMJNLM3QE%26dib%3DeyJ2IjoiMSJ9.crxhhcuVe8Gag3-0mnCXJiOSSKJki5hOYLJU7nup4DWJSt5CeThPiXVECTnCv9nPbG6M6LNlsh7tlY_rH8Kl8ydTmDWO6Xg_XVnvABzO_VdzWCFSdVM1sfHPa06D-5w83-MuOIIPXt_vK_lpzB6Q8xRmPp4iHxBqdMNwkRM0JgpAGfpsNAxV4q_ckQ-po22jtEbpRqq9ZrCkWBWiR-TMyB8PO1SXqdIRlT6vn08hsC1520QLTMsQe0LR8S283ZZhdpOvyNlK_U3rIcOfxdQ4ZF8CPAnTib-BwgF64ZmD8o4.DWdUdl_0xwiX9FbJHRg9lAJG5_seM5O3cO4aIscGQYo%26dib_tag%3Dse%26keywords%3Dguitar%26qid%3D1732860405%26sprefix%3Dguitar%252Caps%252C346%26sr%3D8-3-spons%26sp_csd%3Dd2lkZ2V0TmFtZT1zcF9hdGY%26psc%3D1,11200.0
2024-11-20 11:39:26.878150,https://www.amazon.in/sspa/click?ie=UTF8&spc=MTo4ODA3NjEyODcxNDMzNjE4OjE3MzI4NjA0MDU6c3BfYXRmOjMwMDMzMDM1ODgxODkzMjo6MDo6&url=%2FStrydom-Travel-Musical-Companion-Journey%2Fdp%2FB0C5MWRWXY%2Fref%3Dsr_1_3_sspa%3Fcrid%3D1L00EMJNLM3QE%26dib%3DeyJ2IjoiMSJ9.crxhhcuVe8Gag3-0mnCXJiOSSKJki5hOYLJU7nup4DWJSt5CeThPiXVECTnCv9nPbG6M6LNlsh7tlY_rH8Kl8ydTmDWO6Xg_XVnvABzO_VdzWCFSdVM1sfHPa06D-5w83-MuOIIPXt_vK_lpzB6Q8xRmPp4iHxBqdMNwkRM0JgpAGfpsNAxV4q_ckQ-po22jtEbpRqq9ZrCkWBWiR-TMyB8PO1SXqdIRlT6vn08hsC1520QLTMsQe0LR8S283ZZhdpOvyNlK_U3rIcOfxdQ4ZF8CPAnTib-BwgF64ZmD8o4.DWdUdl_0xwiX9FbJHRg9lAJG5_seM5O3cO4aIscGQYo%26dib_tag%3Dse%26keywords%3Dguitar%26qid%3D1732860405%26sprefix%3Dguitar%252Caps%252C346%26sr%3D8-3-spons%26sp_csd%3Dd2lkZ2V0TmFtZT1zcF9hdGY%26psc%3D1,11000.0
2024-11-29 11:42:14.704945,https://www.amazon.in/sspa/click?ie=UTF8&spc=MTo4ODA3NjEyODcxNDMzNjE4OjE3MzI4NjA0MDU6c3BfYXRmOjMwMDMzMDM1ODgxODkzMjo6MDo6&url=%2FStrydom-Travel-Musical-Companion-Journey%2Fdp%2FB0C5MWRWXY%2Fref%3Dsr_1_3_sspa%3Fcrid%3D1L00EMJNLM3QE%26dib%3DeyJ2IjoiMSJ9.crxhhcuVe8Gag3-0mnCXJiOSSKJki5hOYLJU7nup4DWJSt5CeThPiXVECTnCv9nPbG6M6LNlsh7tlY_rH8Kl8ydTmDWO6Xg_XVnvABzO_VdzWCFSdVM1sfHPa06D-5w83-MuOIIPXt_vK_lpzB6Q8xRmPp4iHxBqdMNwkRM0JgpAGfpsNAxV4q_ckQ-po22jtEbpRqq9ZrCkWBWiR-TMyB8PO1SXqdIRlT6vn08hsC1520QLTMsQe0LR8S283ZZhdpOvyNlK_U3rIcOfxdQ4ZF8CPAnTib-BwgF64ZmD8o4.DWdUdl_0xwiX9FbJHRg9lAJG5_seM5O3cO4aIscGQYo%26dib_tag%3Dse%26keywords%3Dguitar%26qid%3D1732860405%26sprefix%3Dguitar%252Caps%252C346%26sr%3D8-3-spons%26sp_csd%3Dd2lkZ2V0TmFtZT1zcF9hdGY%26psc%3D1,11200.0
2024-11-29 11:43:46.005434,https://www.amazon.in/sspa/click?ie=UTF8&spc=MTo4ODA3NjEyODcxNDMzNjE4OjE3MzI4NjA0MDU6c3BfYXRmOjMwMDMzMDM1ODgxODkzMjo6MDo6&url=%2FStrydom-Travel-Musical-Companion-Journey%2Fdp%2FB0C5MWRWXY%2Fref%3Dsr_1_3_sspa%3Fcrid%3D1L00EMJNLM3QE%26dib%3DeyJ2IjoiMSJ9.crxhhcuVe8Gag3-0mnCXJiOSSKJki5hOYLJU7nup4DWJSt5CeThPiXVECTnCv9nPbG6M6LNlsh7tlY_rH8Kl8ydTmDWO6Xg_XVnvABzO_VdzWCFSdVM1sfHPa06D-5w83-MuOIIPXt_vK_lpzB6Q8xRmPp4iHxBqdMNwkRM0JgpAGfpsNAxV4q_ckQ-po22jtEbpRqq9ZrCkWBWiR-TMyB8PO1SXqdIRlT6vn08hsC1520QLTMsQe0LR8S283ZZhdpOvyNlK_U3rIcOfxdQ4ZF8CPAnTib-BwgF64ZmD8o4.DWdUdl_0xwiX9FbJHRg9lAJG5_seM5O3cO4aIscGQYo%26dib_tag%3Dse%26keywords%3Dguitar%26qid%3D1732860405%26sprefix%3Dguitar%252Caps%252C346%26sr%3D8-3-spons%26sp_csd%3Dd2lkZ2V0TmFtZT1zcF9hdGY%26psc%3D1,10200.0
2024-11-29 12:58:13.581667,https://www.amazon.in/dp/B08N5VSQNG,59990.0
2024-11-29 12:58:16.529482,https://www.amazon.in/dp/B08N5VSQNG,59990.0
2024-11-29 15:15:55.357024,https://www.amazon.in/sspa/click?ie=UTF8&spc=MTo4ODA3NjEyODcxNDMzNjE4OjE3MzI4NjA0MDU6c3BfYXRmOjMwMDMzMDM1ODgxODkzMjo6MDo6&url=%2FStrydom-Travel-Musical-Companion-Journey%2Fdp%2FB0C5MWRWXY%2Fref%3Dsr_1_3_sspa%3Fcrid%3D1L00EMJNLM3QE%26dib%3DeyJ2IjoiMSJ9.crxhhcuVe8Gag3-0mnCXJiOSSKJki5hOYLJU7nup4DWJSt5CeThPiXVECTnCv9nPbG6M6LNlsh7tlY_rH8Kl8ydTmDWO6Xg_XVnvABzO_VdzWCFSdVM1sfHPa06D-5w83-MuOIIPXt_vK_lpzB6Q8xRmPp4iHxBqdMNwkRM0JgpAGfpsNAxV4q_ckQ-po22jtEbpRqq9ZrCkWBWiR-TMyB8PO1SXqdIRlT6vn08hsC1520QLTMsQe0LR8S283ZZhdpOvyNlK_U3rIcOfxdQ4ZF8CPAnTib-BwgF64ZmD8o4.DWdUdl_0xwiX9FbJHRg9lAJG5_seM5O3cO4aIscGQYo%26dib_tag%3Dse%26keywords%3Dguitar%26qid%3D1732860405%26sprefix%3Dguitar%252Caps%252C346%26sr%3D8-3-spons%26sp_csd%3Dd2lkZ2V0TmFtZT1zcF9hdGY%26psc%3D1,10200.0
2024-11-29 15:57:18.945360,https://www.amazon.in/sspa/click?ie=UTF8&spc=MTo4ODA3NjEyODcxNDMzNjE4OjE3MzI4NjA0MDU6c3BfYXRmOjMwMDMzMDM1ODgxODkzMjo6MDo6&url=%2FStrydom-Travel-Musical-Companion-Journey%2Fdp%2FB0C5MWRWXY%2Fref%3Dsr_1_3_sspa%3Fcrid%3D1L00EMJNLM3QE%26dib%3DeyJ2IjoiMSJ9.crxhhcuVe8Gag3-0mnCXJiOSSKJki5hOYLJU7nup4DWJSt5CeThPiXVECTnCv9nPbG6M6LNlsh7tlY_rH8Kl8ydTmDWO6Xg_XVnvABzO_VdzWCFSdVM1sfHPa06D-5w83-MuOIIPXt_vK_lpzB6Q8xRmPp4iHxBqdMNwkRM0JgpAGfpsNAxV4q_ckQ-po22jtEbpRqq9ZrCkWBWiR-TMyB8PO1SXqdIRlT6vn08hsC1520QLTMsQe0LR8S283ZZhdpOvyNlK_U3rIcOfxdQ4ZF8CPAnTib-BwgF64ZmD8o4.DWdUdl_0xwiX9FbJHRg9lAJG5_seM5O3cO4aIscGQYo%26dib_tag%3Dse%26keywords%3Dguitar%26qid%3D1732860405%26sprefix%3Dguitar%252Caps%252C346%26sr%3D8-3-spons%26sp_csd%3Dd2lkZ2V0TmFtZT1zcF9hdGY%26psc%3D1,10200.0
2024-09-23 23:15:35.556415,https://www.amazon.in/sspa/click?ie=UTF8&spc=MTo1NzA1NzgzODYxODMyNTk5OjE3NDU0Mjk2NzE6c3BfbXRmOjMwMDUzOTQyMDkzNjgzMjo6MDo6&url=%2FStrydom-Voyager-Travel-Acoustic-Compact%2Fdp%2FB0F246KDH7%2Fref%3Dsr_1_22_sspa%3Fcrid%3D3BAEIQ6M39J75%26dib%3DeyJ2IjoiMSJ9.aV7qt2u_s2DW5dXkdjJIhowwrqWm2xZqTl7W4yWOzDJlXlcncLnZexcDIqZRPcCgw-e-uYc0QlmdoTYeneU7XwNMIz7VUdMsEz3JhnVEreq-ozS_5kCiFWGtpa9d7iS_IdEf_uCPxSjKAN0weob-i6nMaOEf9yLVIIq2rl72707Glm4P_XaekFjwcyu1EycK399hkZXtlJ2tbVzJ9yj9JtcwpZqCMHH4ODdsvzvo6WMl35NOo-4Cp2tOTvYVm1QtonVlyHgOiqj-Q2Hui01AvhkhxcdvKTpYEu-nZXbkvEg.fRIlc4HPagH2MOV8SdHTRdKpJ7b40psro2NUmodA7hk%26dib_tag%3Dse%26keywords%3Dguitar%26qid%3D1745429671%26sprefix%3Dguitar%252Caps%252C503%26sr%3D8-22-spons%26sp_csd%3Dd2lkZ2V0TmFtZT1zcF9tdGY%26psc%3D1,9999.0
2024-10-23 23:15:35.556415,https://www.amazon.in/sspa/click?ie=UTF8&spc=MTo1NzA1NzgzODYxODMyNTk5OjE3NDU0Mjk2NzE6c3BfbXRmOjMwMDUzOTQyMDkzNjgzMjo6MDo6&url=%2FStrydom-Voyager-Travel-Acoustic-Compact%2Fdp%2FB0F246KDH7%2Fref%3Dsr_1_22_sspa%3Fcrid%3D3BAEIQ6M39J75%26dib%3DeyJ2IjoiMSJ9.aV7qt2u_s2DW5dXkdjJIhowwrqWm2xZqTl7W4yWOzDJlXlcncLnZexcDIqZRPcCgw-e-uYc0QlmdoTYeneU7XwNMIz7VUdMsEz3JhnVEreq-ozS_5kCiFWGtpa9d7iS_IdEf_uCPxSjKAN0weob-i6nMaOEf9yLVIIq2rl72707Glm4P_XaekFjwcyu1EycK399hkZXtlJ2tbVzJ9yj9JtcwpZqCMHH4ODdsvzvo6WMl35NOo-4Cp2tOTvYVm1QtonVlyHgOiqj-Q2Hui01AvhkhxcdvKTpYEu-nZXbkvEg.fRIlc4HPagH2MOV8SdHTRdKpJ7b40psro2NUmodA7hk%26dib_tag%3Dse%26keywords%3Dguitar%26qid%3D1745429671%26sprefix%3Dguitar%252Caps%252C503%26sr%3D8-22-spons%26sp_csd%3Dd2lkZ2V0TmFtZT1zcF9tdGY%26psc%3D1,10990.0
2024-11-13 23:15:35.556415,https://www.amazon.in/sspa/click?ie=UTF8&spc=MTo1NzA1NzgzODYxODMyNTk5OjE3NDU0Mjk2NzE6c3BfbXRmOjMwMDUzOTQyMDkzNjgzMjo6MDo6&url=%2FStrydom-Voyager-Travel-Acoustic-Compact%2Fdp%2FB0F246KDH7%2Fref%3Dsr_1_22_sspa%3Fcrid%3D3BAEIQ6M39J75%26dib%3DeyJ2IjoiMSJ9.aV7qt2u_s2DW5dXkdjJIhowwrqWm2xZqTl7W4yWOzDJlXlcncLnZexcDIqZRPcCgw-e-uYc0QlmdoTYeneU7XwNMIz7VUdMsEz3JhnVEreq-ozS_5kCiFWGtpa9d7iS_IdEf_uCPxSjKAN0weob-i6nMaOEf9yLVIIq2rl72707Glm4P_XaekFjwcyu1EycK399hkZXtlJ2tbVzJ9yj9JtcwpZqCMHH4ODdsvzvo6WMl35NOo-4Cp2tOTvYVm1QtonVlyHgOiqj-Q2Hui01AvhkhxcdvKTpYEu-nZXbkvEg.fRIlc4HPagH2MOV8SdHTRdKpJ7b40psro2NUmodA7hk%26dib_tag%3Dse%26keywords%3Dguitar%26qid%3D1745429671%26sprefix%3Dguitar%252Caps%252C503%26sr%3D8-22-spons%26sp_csd%3Dd2lkZ2V0TmFtZT1zcF9tdGY%26psc%3D1,11000.0
2024-12-10 23:15:35.556415,https://www.amazon.in/sspa/click?ie=UTF8&spc=MTo1NzA1NzgzODYxODMyNTk5OjE3NDU0Mjk2NzE6c3BfbXRmOjMwMDUzOTQyMDkzNjgzMjo6MDo6&url=%2FStrydom-Voyager-Travel-Acoustic-Compact%2Fdp%2FB0F246KDH7%2Fref%3Dsr_1_22_sspa%3Fcrid%3D3BAEIQ6M39J75%26dib%3DeyJ2IjoiMSJ9.aV7qt2u_s2DW5dXkdjJIhowwrqWm2xZqTl7W4yWOzDJlXlcncLnZexcDIqZRPcCgw-e-uYc0QlmdoTYeneU7XwNMIz7VUdMsEz3JhnVEreq-ozS_5kCiFWGtpa9d7iS_IdEf_uCPxSjKAN0weob-i6nMaOEf9yLVIIq2rl72707Glm4P_XaekFjwcyu1EycK399hkZXtlJ2tbVzJ9yj9JtcwpZqCMHH4ODdsvzvo6WMl35NOo-4Cp2tOTvYVm1QtonVlyHgOiqj-Q2Hui01AvhkhxcdvKTpYEu-nZXbkvEg.fRIlc4HPagH2MOV8SdHTRdKpJ7b40psro2NUmodA7hk%26dib_tag%3Dse%26keywords%3Dguitar%26qid%3D1745429671%26sprefix%3Dguitar%252Caps%252C503%26sr%3D8-22-spons%26sp_csd%3Dd2lkZ2V0TmFtZT1zcF9tdGY%26psc%3D1,10000.0
2025-01-10 13:06:57.073802,https://www.amazon.in/sspa/click?ie=UTF8&spc=MTozMzU3ODUzNDU0MzU4MTYxOjE3NDU0NzUwMTU6c3BfbXRmOjMwMDU0MDY4OTg5ODAzMjo6MDo6&url=%2FStrydom-Voyager-Travel-Acoustic-Compact%2Fdp%2FB0F246KDH7%2Fref%3Dsr_1_21_sspa%3Fdib%3DeyJ2IjoiMSJ9.aV7qt2u_s2DW5dXkdjJIhowwrqWm2xZqTl7W4yWOzDKXITTcG_sw_6YfDSxGYl59tY4PlABRdzmmQZeK6yMscTviemduQ3kTYUhyVsBGUaXy-IOeQ8elkGKATJWuF0FpCrGbK7p00HybRBtt2T3WOWwHtazLvUEqMB6S6B8bdymL5sw4kSmaVyOFesnabt1ayVbCegnN8ss-v8PxiqmIJvM0PNiivHu2KqN5AOyJ1y35ylLrbRWWCPuaVVf54hbdNr3rBjn2vNovkQ20nCHLYHqVmUkwTp-vw_v4vBfS3J4.7VE1efL36QJ7NC_KGozzc-nVidHdcaoUAUm0EYicW3o%26dib_tag%3Dse%26keywords%3Dguitar%26qid%3D1745475015%26sr%3D8-21-spons%26sp_csd%3Dd2lkZ2V0TmFtZT1zcF9tdGY%26psc%3D1,12000.0
2025-02-24 13:06:57.073802,https://www.amazon.in/sspa/click?ie=UTF8&spc=MTozMzU3ODUzNDU0MzU4MTYxOjE3NDU0NzUwMTU6c3BfbXRmOjMwMDU0MDY4OTg5ODAzMjo6MDo6&url=%2FStrydom-Voyager-Travel-Acoustic-Compact%2Fdp%2FB0F246KDH7%2Fref%3Dsr_1_21_sspa%3Fdib%3DeyJ2IjoiMSJ9.aV7qt2u_s2DW5dXkdjJIhowwrqWm2xZqTl7W4yWOzDKXITTcG_sw_6YfDSxGYl59tY4PlABRdzmmQZeK6yMscTviemduQ3kTYUhyVsBGUaXy-IOeQ8elkGKATJWuF0FpCrGbK7p00HybRBtt2T3WOWwHtazLvUEqMB6S6B8bdymL5sw4kSmaVyOFesnabt1ayVbCegnN8ss-v8PxiqmIJvM0PNiivHu2KqN5AOyJ1y35ylLrbRWWCPuaVVf54hbdNr3rBjn2vNovkQ20nCHLYHqVmUkwTp-vw_v4vBfS3J4.7VE1efL36QJ7NC_KGozzc-nVidHdcaoUAUm0EYicW3o%26dib_tag%3Dse%26keywords%3Dguitar%26qid%3D1745475015%26sr%3D8-21-spons%26sp_csd%3Dd2lkZ2V0TmFtZT1zcF9tdGY%26psc%3D1,11099.0
2025-03-10 13:06:57.073802,https://www.amazon.in/sspa/click?ie=UTF8&spc=MTozMzU3ODUzNDU0MzU4MTYxOjE3NDU0NzUwMTU6c3BfbXRmOjMwMDU0MDY4OTg5ODAzMjo6MDo6&url=%2FStrydom-Voyager-Travel-Acoustic-Compact%2Fdp%2FB0F246KDH7%2Fref%3Dsr_1_21_sspa%3Fdib%3DeyJ2IjoiMSJ9.aV7qt2u_s2DW5dXkdjJIhowwrqWm2xZqTl7W4yWOzDKXITTcG_sw_6YfDSxGYl59tY4PlABRdzmmQZeK6yMscTviemduQ3kTYUhyVsBGUaXy-IOeQ8elkGKATJWuF0FpCrGbK7p00HybRBtt2T3WOWwHtazLvUEqMB6S6B8bdymL5sw4kSmaVyOFesnabt1ayVbCegnN8ss-v8PxiqmIJvM0PNiivHu2KqN5AOyJ1y35ylLrbRWWCPuaVVf54hbdNr3rBjn2vNovkQ20nCHLYHqVmUkwTp-vw_v4vBfS3J4.7VE1efL36QJ7NC_KGozzc-nVidHdcaoUAUm0EYicW3o%26dib_tag%3Dse%26keywords%3Dguitar%26qid%3D1745475015%26sr%3D8-21-spons%26sp_csd%3Dd2lkZ2V0TmFtZT1zcF9tdGY%26psc%3D1,10999.0
2025-03-28 13:06:57.073802,https://www.amazon.in/sspa/click?ie=UTF8&spc=MTozMzU3ODUzNDU0MzU4MTYxOjE3NDU0NzUwMTU6c3BfbXRmOjMwMDU0MDY4OTg5ODAzMjo6MDo6&url=%2FStrydom-Voyager-Travel-Acoustic-Compact%2Fdp%2FB0F246KDH7%2Fref%3Dsr_1_21_sspa%3Fdib%3DeyJ2IjoiMSJ9.aV7qt2u_s2DW5dXkdjJIhowwrqWm2xZqTl7W4yWOzDKXITTcG_sw_6YfDSxGYl59tY4PlABRdzmmQZeK6yMscTviemduQ3kTYUhyVsBGUaXy-IOeQ8elkGKATJWuF0FpCrGbK7p00HybRBtt2T3WOWwHtazLvUEqMB6S6B8bdymL5sw4kSmaVyOFesnabt1ayVbCegnN8ss-v8PxiqmIJvM0PNiivHu2KqN5AOyJ1y35ylLrbRWWCPuaVVf54hbdNr3rBjn2vNovkQ20nCHLYHqVmUkwTp-vw_v4vBfS3J4.7VE1efL36QJ7NC_KGozzc-nVidHdcaoUAUm0EYicW3o%26dib_tag%3Dse%26keywords%3Dguitar%26qid%3D1745475015%26sr%3D8-21-spons%26sp_csd%3Dd2lkZ2V0TmFtZT1zcF9tdGY%26psc%3D1,10000.0
2025-04-02 13:06:57.073802,https://www.amazon.in/sspa/click?ie=UTF8&spc=MTozMzU3ODUzNDU0MzU4MTYxOjE3NDU0NzUwMTU6c3BfbXRmOjMwMDU0MDY4OTg5ODAzMjo6MDo6&url=%2FStrydom-Voyager-Travel-Acoustic-Compact%2Fdp%2FB0F246KDH7%2Fref%3Dsr_1_21_sspa%3Fdib%3DeyJ2IjoiMSJ9.aV7qt2u_s2DW5dXkdjJIhowwrqWm2xZqTl7W4yWOzDKXITTcG_sw_6YfDSxGYl59tY4PlABRdzmmQZeK6yMscTviemduQ3kTYUhyVsBGUaXy-IOeQ8elkGKATJWuF0FpCrGbK7p00HybRBtt2T3WOWwHtazLvUEqMB6S6B8bdymL5sw4kSmaVyOFesnabt1ayVbCegnN8ss-v8PxiqmIJvM0PNiivHu2KqN5AOyJ1y35ylLrbRWWCPuaVVf54hbdNr3rBjn2vNovkQ20nCHLYHqVmUkwTp-vw_v4vBfS3J4.7VE1efL36QJ7NC_KGozzc-nVidHdcaoUAUm0EYicW3o%26dib_tag%3Dse%26keywords%3Dguitar%26qid%3D1745475015%26sr%3D8-21-spons%26sp_csd%3Dd2lkZ2V0TmFtZT1zcF9tdGY%26psc%3D1,11000.0
2025-04-14 13:06:57.073802,https://www.amazon.in/sspa/click?ie=UTF8&spc=MTozMzU3ODUzNDU0MzU4MTYxOjE3NDU0NzUwMTU6c3BfbXRmOjMwMDU0MDY4OTg5ODAzMjo6MDo6&url=%2FStrydom-Voyager-Travel-Acoustic-Compact%2Fdp%2FB0F246KDH7%2Fref%3Dsr_1_21_sspa%3Fdib%3DeyJ2IjoiMSJ9.aV7qt2u_s2DW5dXkdjJIhowwrqWm2xZqTl7W4yWOzDKXITTcG_sw_6YfDSxGYl59tY4PlABRdzmmQZeK6yMscTviemduQ3kTYUhyVsBGUaXy-IOeQ8elkGKATJWuF0FpCrGbK7p00HybRBtt2T3WOWwHtazLvUEqMB6S6B8bdymL5sw4kSmaVyOFesnabt1ayVbCegnN8ss-v8PxiqmIJvM0PNiivHu2KqN5AOyJ1y35ylLrbRWWCPuaVVf54hbdNr3rBjn2vNovkQ20nCHLYHqVmUkwTp-vw_v4vBfS3J4.7VE1efL36QJ7NC_KGozzc-nVidHdcaoUAUm0EYicW3o%26dib_tag%3Dse%26keywords%3Dguitar%26qid%3D1745475015%26sr%3D8-21-spons%26sp_csd%3Dd2lkZ2V0TmFtZT1zcF9tdGY%26psc%3D1,10900.0
2025-04-24 13:28:16.895115,https://www.amazon.in/sspa/click?ie=UTF8&spc=MTozMzU3ODUzNDU0MzU4MTYxOjE3NDU0NzUwMTU6c3BfbXRmOjMwMDU0MDY4OTg5ODAzMjo6MDo6&url=%2FStrydom-Voyager-Travel-Acoustic-Compact%2Fdp%2FB0F246KDH7%2Fref%3Dsr_1_21_sspa%3Fdib%3DeyJ2IjoiMSJ9.aV7qt2u_s2DW5dXkdjJIhowwrqWm2xZqTl7W4yWOzDKXITTcG_sw_6YfDSxGYl59tY4PlABRdzmmQZeK6yMscTviemduQ3kTYUhyVsBGUaXy-IOeQ8elkGKATJWuF0FpCrGbK7p00HybRBtt2T3WOWwHtazLvUEqMB6S6B8bdymL5sw4kSmaVyOFesnabt1ayVbCegnN8ss-v8PxiqmIJvM0PNiivHu2KqN5AOyJ1y35ylLrbRWWCPuaVVf54hbdNr3rBjn2vNovkQ20nCHLYHqVmUkwTp-vw_v4vBfS3J4.7VE1efL36QJ7NC_KGozzc-nVidHdcaoUAUm0EYicW3o%26dib_tag%3Dse%26keywords%3Dguitar%26qid%3D1745475015%26sr%3D8-21-spons%26sp_csd%3Dd2lkZ2V0TmFtZT1zcF9tdGY%26psc%3D1,10000.0
2025-04-24 13:31:23.529822,https://www.amazon.in/sspa/click?ie=UTF8&spc=MTo1NzA1NzgzODYxODMyNTk5OjE3NDU0Mjk2NzE6c3BfbXRmOjMwMDUzOTQyMDkzNjgzMjo6MDo6&url=%2FStrydom-Voyager-Travel-Acoustic-Compact%2Fdp%2FB0F246KDH7%2Fref%3Dsr_1_22_sspa%3Fcrid%3D3BAEIQ6M39J75%26dib%3DeyJ2IjoiMSJ9.aV7qt2u_s2DW5dXkdjJIhowwrqWm2xZqTl7W4yWOzDJlXlcncLnZexcDIqZRPcCgw-e-uYc0QlmdoTYeneU7XwNMIz7VUdMsEz3JhnVEreq-ozS_5kCiFWGtpa9d7iS_IdEf_uCPxSjKAN0weob-i6nMaOEf9yLVIIq2rl72707Glm4P_XaekFjwcyu1EycK399hkZXtlJ2tbVzJ9yj9JtcwpZqCMHH4ODdsvzvo6WMl35NOo-4Cp2tOTvYVm1QtonVlyHgOiqj-Q2Hui01AvhkhxcdvKTpYEu-nZXbkvEg.fRIlc4HPagH2MOV8SdHTRdKpJ7b40psro2NUmodA7hk%26dib_tag%3Dse%26keywords%3Dguitar%26qid%3D1745429671%26sprefix%3Dguitar%252Caps%252C503%26sr%3D8-22-spons%26sp_csd%3Dd2lkZ2V0TmFtZT1zcF9tdGY%26psc%3D1,10000.0
